division_id,division_label,game_id,game_url,table_index,team_name,pts,reb,ast,stl,blk,fgm,fga,fg%,3pm,3pa,3p%,ftm,fta,ft%,tov,pf
d3_mondays,D3 Mondays,d3_mondays:bkysc-vs-manhattan-mayo-clinic,https://tdlbasketball.com/event/bkysc-vs-manhattan-mayo-clinic/,1,BKYSC,66,50,20,7,5,24,62,0.387,9,25,0.36,9,21,0.429,19,7
d3_mondays,D3 Mondays,d3_mondays:bkysc-vs-manhattan-mayo-clinic,https://tdlbasketball.com/event/bkysc-vs-manhattan-mayo-clinic/,2,Manhattan Mayo Clinic,59,35,13,12,8,22,62,0.355,8,30,0.267,7,12,0.583,13,16
d3_mondays,D3 Mondays,d3_mondays:brickstone-associates-vs-texas-elite,https://tdlbasketball.com/event/brickstone-associates-vs-texas-elite/,1,Brickstone Associates,76,38,28,5,3,32,72,0.444,12,31,0.387,0,5,0.0,11,12
d3_mondays,D3 Mondays,d3_mondays:brickstone-associates-vs-texas-elite,https://tdlbasketball.com/event/brickstone-associates-vs-texas-elite/,2,Texas Elite,85,38,17,8,2,31,69,0.449,11,29,0.379,12,15,0.8,8,8
d3_mondays,D3 Mondays,d3_mondays:ibaka-flaka-flame-vs-manhattan-elite-2,https://tdlbasketball.com/event/ibaka-flaka-flame-vs-manhattan-elite-2/,1,Ibaka Flaka Flame,55,40,10,15,3,22,63,0.349,4,26,0.154,7,11,0.636,12,9
d3_mondays,D3 Mondays,d3_mondays:ibaka-flaka-flame-vs-manhattan-elite-2,https://tdlbasketball.com/event/ibaka-flaka-flame-vs-manhattan-elite-2/,2,Manhattan Elite,77,54,28,8,3,29,70,0.414,12,34,0.353,7,9,0.778,15,10
d3_mondays,D3 Mondays,d3_mondays:smooth-buckets-vs-nj-rockets,https://tdlbasketball.com/event/smooth-buckets-vs-nj-rockets/,1,Smooth Buckets,70,32,19,11,3,25,53,0.472,4,13,0.308,16,31,0.516,9,14
d3_mondays,D3 Mondays,d3_mondays:smooth-buckets-vs-nj-rockets,https://tdlbasketball.com/event/smooth-buckets-vs-nj-rockets/,2,NJ Rockets,63,32,18,8,2,21,54,0.389,11,30,0.367,10,14,0.714,12,15
d3_tuesdays,D3 Tuesdays,d3_tuesdays:bicoastal-baddies-vs-jp-junior-varsity-6,https://tdlbasketball.com/event/bicoastal-baddies-vs-jp-junior-varsity-6/,1,Bicoastal Baddies,77,27,19,11,1,31,72,0.431,10,35,0.286,5,6,0.833,8,2
d3_tuesdays,D3 Tuesdays,d3_tuesdays:bicoastal-baddies-vs-jp-junior-varsity-6,https://tdlbasketball.com/event/bicoastal-baddies-vs-jp-junior-varsity-6/,2,JP Junior Varsity,86,44,23,4,0,31,73,0.425,20,47,0.426,4,4,1.0,16,7
d3_tuesdays,D3 Tuesdays,d3_tuesdays:ggininder-vs-smash-n-bounce-2,https://tdlbasketball.com/event/ggininder-vs-smash-n-bounce-2/,1,GGininder,60,39,16,15,6,21,60,0.35,9,25,0.36,9,10,0.9,14,4
d3_tuesdays,D3 Tuesdays,d3_tuesdays:ggininder-vs-smash-n-bounce-2,https://tdlbasketball.com/event/ggininder-vs-smash-n-bounce-2/,2,Smash N Bounce,55,36,19,10,1,21,61,0.344,10,34,0.294,3,4,0.75,18,11
d3_tuesdays,D3 Tuesdays,d3_tuesdays:scrub-daddies-vs-meat-ball-club-2,https://tdlbasketball.com/event/scrub-daddies-vs-meat-ball-club-2/,1,Scrub Daddies,72,43,18,3,0,29,64,0.453,10,26,0.385,4,12,0.333,10,14
d3_tuesdays,D3 Tuesdays,d3_tuesdays:scrub-daddies-vs-meat-ball-club-2,https://tdlbasketball.com/event/scrub-daddies-vs-meat-ball-club-2/,2,Meat Ball Club,60,33,10,9,1,21,66,0.318,5,38,0.132,13,19,0.684,6,9
d3_tuesdays,D3 Tuesdays,d3_tuesdays:spark-plugs-vs-reservoir-dogs,https://tdlbasketball.com/event/spark-plugs-vs-reservoir-dogs/,1,Spark Plugs,75,56,26,7,5,32,84,0.381,4,27,0.148,7,13,0.538,12,8
d3_tuesdays,D3 Tuesdays,d3_tuesdays:spark-plugs-vs-reservoir-dogs,https://tdlbasketball.com/event/spark-plugs-vs-reservoir-dogs/,2,Reservoir Dogs,72,39,25,11,4,29,80,0.362,9,34,0.265,5,8,0.625,10,10
premier_wednesdays,Premier,premier_wednesdays:expensive-league-vs-overtime,https://tdlbasketball.com/event/expensive-league-vs-overtime/,1,Expensive League,67,32,13,7,6,23,60,0.383,9,26,0.346,12,16,0.75,9,15
premier_wednesdays,Premier,premier_wednesdays:expensive-league-vs-overtime,https://tdlbasketball.com/event/expensive-league-vs-overtime/,2,Overtime,72,38,17,7,7,23,55,0.418,10,26,0.385,16,24,0.667,9,11
premier_wednesdays,Premier,premier_wednesdays:five-borough-boys-vs-goodrun-app-3,https://tdlbasketball.com/event/five-borough-boys-vs-goodrun-app-3/,1,Five Borough Boys,68,42,16,7,2,22,59,0.373,8,23,0.348,16,24,0.667,13,20
premier_wednesdays,Premier,premier_wednesdays:five-borough-boys-vs-goodrun-app-3,https://tdlbasketball.com/event/five-borough-boys-vs-goodrun-app-3/,2,@GoodRun.app,81,34,20,9,10,30,63,0.476,6,22,0.273,15,25,0.6,9,12
premier_wednesdays,Premier,premier_wednesdays:swish-house-vs-hoop-fuel-nutrition,https://tdlbasketball.com/event/swish-house-vs-hoop-fuel-nutrition/,1,Swish House,97,39,30,12,4,33,73,0.452,22,48,0.458,9,14,0.643,8,14
premier_wednesdays,Premier,premier_wednesdays:swish-house-vs-hoop-fuel-nutrition,https://tdlbasketball.com/event/swish-house-vs-hoop-fuel-nutrition/,2,Hoop Fuel Nutrition,74,36,21,7,2,27,63,0.429,8,27,0.296,12,15,0.8,13,7
d2_thursdays,D2 Thursdays,d2_thursdays:honey-badgers-vs-new-gotham-2-2,https://tdlbasketball.com/event/honey-badgers-vs-new-gotham-2-2/,1,Honey Badgers,71,45,11,3,1,26,67,0.388,9,25,0.36,8,22,0.364,10,8
d2_thursdays,D2 Thursdays,d2_thursdays:honey-badgers-vs-new-gotham-2-2,https://tdlbasketball.com/event/honey-badgers-vs-new-gotham-2-2/,2,New Gotham,106,40,22,10,5,38,79,0.481,22,45,0.489,8,9,0.889,5,13
d2_thursdays,D2 Thursdays,d2_thursdays:hoya-redemption-vs-shiesty-squad,https://tdlbasketball.com/event/hoya-redemption-vs-shiesty-squad/,1,Hoya Redemption,72,40,18,8,4,24,69,0.348,13,43,0.302,11,20,0.55,12,13
d2_thursdays,D2 Thursdays,d2_thursdays:hoya-redemption-vs-shiesty-squad,https://tdlbasketball.com/event/hoya-redemption-vs-shiesty-squad/,2,Shiesty Squad,84,43,14,12,8,29,72,0.403,11,28,0.393,15,17,0.882,9,10
d2_thursdays,D2 Thursdays,d2_thursdays:mr-beast-vs-ny-rockits-3,https://tdlbasketball.com/event/mr-beast-vs-ny-rockits-3/,1,Mr. Beast,82,30,19,7,8,32,64,0.5,7,21,0.333,9,14,0.643,12,13
d2_thursdays,D2 Thursdays,d2_thursdays:mr-beast-vs-ny-rockits-3,https://tdlbasketball.com/event/mr-beast-vs-ny-rockits-3/,2,NY Rockits,88,45,26,9,7,31,73,0.425,9,24,0.375,17,22,0.773,6,12
d2_thursdays,D2 Thursdays,d2_thursdays:snb-vs-dream,https://tdlbasketball.com/event/snb-vs-dream/,1,SNB,83,43,23,13,5,31,70,0.443,9,30,0.3,12,14,0.857,14,9
d2_thursdays,D2 Thursdays,d2_thursdays:snb-vs-dream,https://tdlbasketball.com/event/snb-vs-dream/,2,Dream,61,43,14,9,2,21,68,0.309,7,28,0.25,12,18,0.667,14,9
d2_sundays,D2 Sundays,d2_sundays:arc-angels-vs-infinite-potential-2,https://tdlbasketball.com/event/arc-angels-vs-infinite-potential-2/,1,Arc Angels,71,46,18,7,6,26,68,0.382,6,25,0.24,13,15,0.867,10,10
d2_sundays,D2 Sundays,d2_sundays:arc-angels-vs-infinite-potential-2,https://tdlbasketball.com/event/arc-angels-vs-infinite-potential-2/,2,Infinite Potential,59,47,17,8,10,22,61,0.361,9,32,0.281,6,14,0.429,16,15
d2_sundays,D2 Sundays,d2_sundays:bucketboys-vs-layups-only,https://tdlbasketball.com/event/bucketboys-vs-layups-only/,1,BucketBoys,54,32,13,16,1,21,67,0.313,8,31,0.258,4,9,0.444,15,1
d2_sundays,D2 Sundays,d2_sundays:bucketboys-vs-layups-only,https://tdlbasketball.com/event/bucketboys-vs-layups-only/,2,Layups Only,81,41,32,14,6,36,64,0.562,9,24,0.375,0,1,0.0,18,7
d2_sundays,D2 Sundays,d2_sundays:rush-hour-vs-hoop-prophets,https://tdlbasketball.com/event/rush-hour-vs-hoop-prophets/,1,Rush Hour,61,47,18,5,11,24,63,0.381,4,23,0.174,9,12,0.75,6,11
d2_sundays,D2 Sundays,d2_sundays:rush-hour-vs-hoop-prophets,https://tdlbasketball.com/event/rush-hour-vs-hoop-prophets/,2,Hoop Prophets,43,49,15,4,7,17,64,0.266,2,22,0.091,7,16,0.438,8,8
d2_sundays,D2 Sundays,d2_sundays:yolo-vs-big-bullies,https://tdlbasketball.com/event/yolo-vs-big-bullies/,1,YOLO,87,35,18,8,0,34,81,0.42,9,33,0.273,10,11,0.909,8,9
d2_sundays,D2 Sundays,d2_sundays:yolo-vs-big-bullies,https://tdlbasketball.com/event/yolo-vs-big-bullies/,2,Big Bullies,99,42,37,6,4,42,179,0.235,12,34,0.353,3,6,0.5,13,13
d3_sundays,D3 Sundays,d3_sundays:big-bullies-vs-big-song-lil-wong-5,https://tdlbasketball.com/event/big-bullies-vs-big-song-lil-wong-5/,1,Big Bullies,68,45,22,8,3,29,69,0.42,5,26,0.192,5,8,0.625,13,6
d3_sundays,D3 Sundays,d3_sundays:big-bullies-vs-big-song-lil-wong-5,https://tdlbasketball.com/event/big-bullies-vs-big-song-lil-wong-5/,2,Big Song Lil Wong,82,36,24,13,1,35,75,0.467,9,28,0.321,3,5,0.6,14,10
d3_sundays,D3 Sundays,d3_sundays:ice-in-my-veins-vs-sunday-sauce-3,https://tdlbasketball.com/event/ice-in-my-veins-vs-sunday-sauce-3/,1,Ice In My Veins,73,42,25,14,3,32,71,0.451,4,23,0.174,5,13,0.385,11,8
d3_sundays,D3 Sundays,d3_sundays:ice-in-my-veins-vs-sunday-sauce-3,https://tdlbasketball.com/event/ice-in-my-veins-vs-sunday-sauce-3/,2,Sunday Sauce,57,30,15,7,4,25,64,0.391,4,21,0.19,3,7,0.429,15,9
d3_sundays,D3 Sundays,d3_sundays:part-time-goats-vs-seawolves,https://tdlbasketball.com/event/part-time-goats-vs-seawolves/,1,Part Time Goats,56,44,18,9,1,21,56,0.375,4,13,0.308,10,17,0.588,17,16
d3_sundays,D3 Sundays,d3_sundays:part-time-goats-vs-seawolves,https://tdlbasketball.com/event/part-time-goats-vs-seawolves/,2,Seawolves,43,31,14,9,3,16,54,0.296,6,27,0.222,5,16,0.312,16,11
d3_sundays,D3 Sundays,d3_sundays:supreme-team-vs-the-big-ragus-2,https://tdlbasketball.com/event/supreme-team-vs-the-big-ragus-2/,1,Supreme Team,76,43,23,16,5,28,74,0.378,14,40,0.35,6,11,0.545,10,8
d3_sundays,D3 Sundays,d3_sundays:supreme-team-vs-the-big-ragus-2,https://tdlbasketball.com/event/supreme-team-vs-the-big-ragus-2/,2,The Big Ragus,62,47,18,7,4,24,70,0.343,10,37,0.27,4,9,0.444,17,8
d3_sundays,D3 Sundays,d3_sundays:team-sky-vs-jamies-jammers,https://tdlbasketball.com/event/team-sky-vs-jamies-jammers/,1,Team Sky,65,38,17,8,4,22,61,0.361,13,27,0.481,8,13,0.615,15,8
d3_sundays,D3 Sundays,d3_sundays:team-sky-vs-jamies-jammers,https://tdlbasketball.com/event/team-sky-vs-jamies-jammers/,2,Jamie's Jammers,63,27,15,10,5,25,63,0.397,8,27,0.296,5,9,0.556,12,11
d3_sundays,D3 Sundays,d3_sundays:true-step-pt-vs-cone-drill-2-0-2,https://tdlbasketball.com/event/true-step-pt-vs-cone-drill-2-0-2/,1,True Step PT,59,38,14,6,2,24,67,0.358,5,23,0.217,6,6,1.0,16,9
d3_sundays,D3 Sundays,d3_sundays:true-step-pt-vs-cone-drill-2-0-2,https://tdlbasketball.com/event/true-step-pt-vs-cone-drill-2-0-2/,2,Cone Drill 2.0,90,50,26,15,4,33,70,0.471,11,33,0.333,13,19,0.684,12,5
d3_mondays,D3 Mondays,d3_mondays:manhattan-elite-vs-texas-elite-6,https://tdlbasketball.com/event/manhattan-elite-vs-texas-elite-6/,1,Manhattan Elite,78,40,25,11,1,31,69,0.449,7,18,0.389,9,15,0.6,12,9
d3_mondays,D3 Mondays,d3_mondays:manhattan-elite-vs-texas-elite-6,https://tdlbasketball.com/event/manhattan-elite-vs-texas-elite-6/,2,Texas Elite,75,37,21,9,1,28,68,0.412,9,30,0.3,10,10,1.0,14,11
d3_mondays,D3 Mondays,d3_mondays:manhattan-mayo-clinic-vs-smooth-buckets-2,https://tdlbasketball.com/event/manhattan-mayo-clinic-vs-smooth-buckets-2/,1,Manhattan Mayo Clinic,49,32,13,8,3,19,69,0.275,11,41,0.268,0,0,0.0,11,7
d3_mondays,D3 Mondays,d3_mondays:manhattan-mayo-clinic-vs-smooth-buckets-2,https://tdlbasketball.com/event/manhattan-mayo-clinic-vs-smooth-buckets-2/,2,Smooth Buckets,95,53,28,10,9,40,87,0.46,9,33,0.273,6,9,0.667,10,1
d3_mondays,D3 Mondays,d3_mondays:nj-rockets-vs-ibaka-flaka-flame,https://tdlbasketball.com/event/nj-rockets-vs-ibaka-flaka-flame/,1,NJ Rockets,85,40,28,5,5,33,63,0.524,15,33,0.455,4,8,0.5,16,8
d3_mondays,D3 Mondays,d3_mondays:nj-rockets-vs-ibaka-flaka-flame,https://tdlbasketball.com/event/nj-rockets-vs-ibaka-flaka-flame/,2,Ibaka Flaka Flame,69,29,16,10,3,29,69,0.42,6,18,0.333,5,13,0.385,7,8
d3_mondays,D3 Mondays,d3_mondays:pippen-aint-easy-vs-brickstone-associates,https://tdlbasketball.com/event/pippen-aint-easy-vs-brickstone-associates/,1,Pippen Ain’t Easy,101,46,27,13,3,38,77,0.494,20,45,0.444,5,9,0.556,11,5
d3_mondays,D3 Mondays,d3_mondays:pippen-aint-easy-vs-brickstone-associates,https://tdlbasketball.com/event/pippen-aint-easy-vs-brickstone-associates/,2,Brickstone Associates,65,55,21,5,2,28,99,0.283,9,41,0.22,0,4,0.0,14,8
d3_tuesdays,D3 Tuesdays,d3_tuesdays:jp-junior-varsity-vs-ggininder-2,https://tdlbasketball.com/event/jp-junior-varsity-vs-ggininder-2/,1,JP Junior Varsity,82,53,26,9,0,33,79,0.418,15,43,0.349,1,1,1.0,15,3
d3_tuesdays,D3 Tuesdays,d3_tuesdays:jp-junior-varsity-vs-ggininder-2,https://tdlbasketball.com/event/jp-junior-varsity-vs-ggininder-2/,2,GGininder,60,33,20,9,4,23,74,0.311,12,38,0.316,2,3,0.667,11,3
d3_tuesdays,D3 Tuesdays,d3_tuesdays:reservoir-dogs-vs-meat-ball-club-7,https://tdlbasketball.com/event/reservoir-dogs-vs-meat-ball-club-7/,1,Reservoir Dogs,64,45,17,12,5,29,74,0.392,2,25,0.08,4,7,0.571,7,8
d3_tuesdays,D3 Tuesdays,d3_tuesdays:reservoir-dogs-vs-meat-ball-club-7,https://tdlbasketball.com/event/reservoir-dogs-vs-meat-ball-club-7/,2,Meat Ball Club,73,50,22,6,4,28,71,0.394,10,27,0.37,7,15,0.467,17,4
d3_tuesdays,D3 Tuesdays,d3_tuesdays:smash-n-bounce-vs-spark-plugs,https://tdlbasketball.com/event/smash-n-bounce-vs-spark-plugs/,1,Smash N Bounce,52,31,17,7,1,21,67,0.313,8,22,0.364,2,8,0.25,23,9
d3_tuesdays,D3 Tuesdays,d3_tuesdays:smash-n-bounce-vs-spark-plugs,https://tdlbasketball.com/event/smash-n-bounce-vs-spark-plugs/,2,Spark Plugs,103,65,28,13,11,42,97,0.433,7,20,0.35,10,15,0.667,8,4
d3_tuesdays,D3 Tuesdays,d3_tuesdays:spaghetti-ramen-vs-scrub-daddies-2,https://tdlbasketball.com/event/spaghetti-ramen-vs-scrub-daddies-2/,1,Spaghetti Ramen,94,39,28,7,3,37,71,0.521,15,35,0.429,5,6,0.833,9,7
d3_tuesdays,D3 Tuesdays,d3_tuesdays:spaghetti-ramen-vs-scrub-daddies-2,https://tdlbasketball.com/event/spaghetti-ramen-vs-scrub-daddies-2/,2,Scrub Daddies,78,39,21,7,4,31,81,0.383,12,35,0.343,4,8,0.5,11,7
premier_wednesdays,Premier,premier_wednesdays:hoop-fuel-nutrition-vs-expensive-team,https://tdlbasketball.com/event/hoop-fuel-nutrition-vs-expensive-team/,1,Hoop Fuel Nutrition,61,29,14,5,9,22,46,0.478,9,26,0.346,6,16,0.375,11,13
premier_wednesdays,Premier,premier_wednesdays:hoop-fuel-nutrition-vs-expensive-team,https://tdlbasketball.com/event/hoop-fuel-nutrition-vs-expensive-team/,2,Expensive League,65,36,12,9,1,22,64,0.344,8,23,0.348,12,22,0.545,11,11
premier_wednesdays,Premier,premier_wednesdays:overtime-vs-the-deep-end,https://tdlbasketball.com/event/overtime-vs-the-deep-end/,1,Overtime,83,42,25,13,3,35,66,0.53,7,23,0.304,6,12,0.5,14,4
premier_wednesdays,Premier,premier_wednesdays:overtime-vs-the-deep-end,https://tdlbasketball.com/event/overtime-vs-the-deep-end/,2,The Deep End,64,42,16,9,4,28,69,0.406,6,24,0.25,2,4,0.5,14,10
premier_wednesdays,Premier,premier_wednesdays:ratpack-vs-five-borough-boys-2,https://tdlbasketball.com/event/ratpack-vs-five-borough-boys-2/,1,Ratpack,90,48,24,3,3,33,84,0.393,12,39,0.308,12,13,0.923,4,10
premier_wednesdays,Premier,premier_wednesdays:ratpack-vs-five-borough-boys-2,https://tdlbasketball.com/event/ratpack-vs-five-borough-boys-2/,2,Five Borough Boys,86,45,23,4,6,30,77,0.39,9,40,0.225,17,19,0.895,4,10
premier_wednesdays,Premier,premier_wednesdays:the-triads-vs-goodrun-app,https://tdlbasketball.com/event/the-triads-vs-goodrun-app/,1,The Triads,51,34,14,3,0,20,63,0.317,5,28,0.179,6,13,0.462,6,15
premier_wednesdays,Premier,premier_wednesdays:the-triads-vs-goodrun-app,https://tdlbasketball.com/event/the-triads-vs-goodrun-app/,2,@GoodRun.app,65,51,17,3,11,20,64,0.312,7,30,0.233,18,26,0.692,4,8
d2_thursdays,D2 Thursdays,d2_thursdays:chess-not-checkers-vs-hoya-redemption,https://tdlbasketball.com/event/chess-not-checkers-vs-hoya-redemption/,1,Chess Not Checkers,87,31,25,8,2,35,67,0.522,12,29,0.414,6,8,0.75,9,11
d2_thursdays,D2 Thursdays,d2_thursdays:chess-not-checkers-vs-hoya-redemption,https://tdlbasketball.com/event/chess-not-checkers-vs-hoya-redemption/,2,Hoya Redemption,75,42,22,7,3,29,75,0.387,10,38,0.263,7,12,0.583,9,7
d2_thursdays,D2 Thursdays,d2_thursdays:dream-vs-mr-beast,https://tdlbasketball.com/event/dream-vs-mr-beast/,1,Dream,69,44,21,6,6,25,66,0.379,9,27,0.333,8,14,0.571,11,15
d2_thursdays,D2 Thursdays,d2_thursdays:dream-vs-mr-beast,https://tdlbasketball.com/event/dream-vs-mr-beast/,2,Mr. Beast,74,39,19,7,5,26,69,0.377,6,29,0.207,16,20,0.8,5,12
d2_thursdays,D2 Thursdays,d2_thursdays:new-gotham-vs-shiesty-squad-2,https://tdlbasketball.com/event/new-gotham-vs-shiesty-squad-2/,1,New Gotham,102,53,32,10,3,43,80,0.537,10,26,0.385,6,9,0.667,12,6
d2_thursdays,D2 Thursdays,d2_thursdays:new-gotham-vs-shiesty-squad-2,https://tdlbasketball.com/event/new-gotham-vs-shiesty-squad-2/,2,Shiesty Squad,70,38,20,8,4,25,72,0.347,14,46,0.304,4,10,0.4,8,9
d2_thursdays,D2 Thursdays,d2_thursdays:ny-rockits-vs-honey-badgers-3,https://tdlbasketball.com/event/ny-rockits-vs-honey-badgers-3/,1,NY Rockits,94,45,29,9,3,37,71,0.521,12,32,0.375,8,12,0.667,8,13
d2_thursdays,D2 Thursdays,d2_thursdays:ny-rockits-vs-honey-badgers-3,https://tdlbasketball.com/event/ny-rockits-vs-honey-badgers-3/,2,Honey Badgers,63,27,15,6,4,22,60,0.367,8,20,0.4,11,17,0.647,12,10
d2_sundays,D2 Sundays,d2_sundays:big-bullies-vs-rush-hour-2,https://tdlbasketball.com/event/big-bullies-vs-rush-hour-2/,1,Big Bullies,79,48,20,8,9,30,76,0.395,10,29,0.345,9,14,0.643,13,14
d2_sundays,D2 Sundays,d2_sundays:big-bullies-vs-rush-hour-2,https://tdlbasketball.com/event/big-bullies-vs-rush-hour-2/,2,Rush Hour,69,38,20,8,7,27,72,0.375,4,20,0.2,11,21,0.524,8,9
d2_sundays,D2 Sundays,d2_sundays:hoop-prophets-vs-layups-only,https://tdlbasketball.com/event/hoop-prophets-vs-layups-only/,1,Hoop Prophets,72,34,15,10,4,22,54,0.407,6,19,0.316,22,27,0.815,10,12
d2_sundays,D2 Sundays,d2_sundays:hoop-prophets-vs-layups-only,https://tdlbasketball.com/event/hoop-prophets-vs-layups-only/,2,Layups Only,70,34,24,5,2,28,65,0.431,9,31,0.29,5,13,0.385,13,17
d2_sundays,D2 Sundays,d2_sundays:infinite-potential-vs-yolo-2,https://tdlbasketball.com/event/infinite-potential-vs-yolo-2/,1,Infinite Potential,52,33,19,11,2,22,71,0.31,4,23,0.174,2,6,0.333,9,11
d2_sundays,D2 Sundays,d2_sundays:infinite-potential-vs-yolo-2,https://tdlbasketball.com/event/infinite-potential-vs-yolo-2/,2,YOLO,69,46,20,10,4,26,65,0.4,6,23,0.261,11,17,0.647,12,6
d2_sundays,D2 Sundays,d2_sundays:injustice-league-vs-bucketboys,https://tdlbasketball.com/event/injustice-league-vs-bucketboys/,1,Injustice League,60,36,21,10,3,26,56,0.464,6,20,0.3,3,8,0.375,11,8
d2_sundays,D2 Sundays,d2_sundays:injustice-league-vs-bucketboys,https://tdlbasketball.com/event/injustice-league-vs-bucketboys/,2,BucketBoys,38,24,9,6,5,13,44,0.295,5,20,0.25,7,16,0.438,12,6
d3_sundays,D3 Sundays,d3_sundays:big-bullies-vs-true-step-pt,https://tdlbasketball.com/event/big-bullies-vs-true-step-pt/,1,Big Bullies,63,40,19,8,5,27,67,0.403,3,25,0.12,6,11,0.545,14,6
d3_sundays,D3 Sundays,d3_sundays:big-bullies-vs-true-step-pt,https://tdlbasketball.com/event/big-bullies-vs-true-step-pt/,2,True Step PT,51,44,16,12,2,21,69,0.304,8,28,0.286,1,4,0.25,13,8
d3_sundays,D3 Sundays,d3_sundays:ice-in-my-veins-vs-brick-squad,https://tdlbasketball.com/event/ice-in-my-veins-vs-brick-squad/,1,Ice In My Veins,66,52,17,8,5,24,68,0.353,9,33,0.273,7,13,0.538,12,9
d3_sundays,D3 Sundays,d3_sundays:ice-in-my-veins-vs-brick-squad,https://tdlbasketball.com/event/ice-in-my-veins-vs-brick-squad/,2,Brick Squad,76,44,29,11,3,30,80,0.375,14,43,0.326,2,4,0.5,7,7
d3_sundays,D3 Sundays,d3_sundays:seawolves-vs-jamies-jammers,https://tdlbasketball.com/event/seawolves-vs-jamies-jammers/,1,Seawolves,41,52,15,6,7,16,66,0.242,6,32,0.188,3,6,0.5,17,10
d3_sundays,D3 Sundays,d3_sundays:seawolves-vs-jamies-jammers,https://tdlbasketball.com/event/seawolves-vs-jamies-jammers/,2,Jamie's Jammers,50,42,12,11,5,18,71,0.254,8,32,0.25,6,10,0.6,7,8
d3_sundays,D3 Sundays,d3_sundays:sunday-sauce-vs-cone-drill-2-0,https://tdlbasketball.com/event/sunday-sauce-vs-cone-drill-2-0/,1,Sunday Sauce,77,49,13,3,3,31,78,0.397,8,36,0.222,7,11,0.636,11,9
d3_sundays,D3 Sundays,d3_sundays:sunday-sauce-vs-cone-drill-2-0,https://tdlbasketball.com/event/sunday-sauce-vs-cone-drill-2-0/,2,Cone Drill 2.0,92,40,28,10,3,33,75,0.44,18,44,0.409,8,13,0.615,8,9
d3_sundays,D3 Sundays,d3_sundays:supreme-team-vs-ball-is-life-4,https://tdlbasketball.com/event/supreme-team-vs-ball-is-life-4/,1,Supreme Team,73,36,15,13,7,21,58,0.362,13,38,0.342,18,25,0.72,16,10
d3_sundays,D3 Sundays,d3_sundays:supreme-team-vs-ball-is-life-4,https://tdlbasketball.com/event/supreme-team-vs-ball-is-life-4/,2,Ball Is Life,67,61,17,18,0,29,86,0.337,11,46,0.239,2,13,0.154,13,19
d3_sundays,D3 Sundays,d3_sundays:the-big-ragus-vs-big-song-lil-wong,https://tdlbasketball.com/event/the-big-ragus-vs-big-song-lil-wong/,1,The Big Ragus,54,52,14,10,4,19,74,0.257,9,32,0.281,7,12,0.583,9,16
d3_sundays,D3 Sundays,d3_sundays:the-big-ragus-vs-big-song-lil-wong,https://tdlbasketball.com/event/the-big-ragus-vs-big-song-lil-wong/,2,Big Song Lil Wong,50,37,14,5,1,19,54,0.352,2,19,0.105,10,18,0.556,18,8
d3_tuesdays,D3 Tuesdays,d3_tuesdays:ggininder-vs-bicoastal-baddies-2,https://tdlbasketball.com/event/ggininder-vs-bicoastal-baddies-2/,1,GGininder,61,45,20,8,2,25,62,0.403,7,28,0.25,4,7,0.571,19,12
d3_tuesdays,D3 Tuesdays,d3_tuesdays:ggininder-vs-bicoastal-baddies-2,https://tdlbasketball.com/event/ggininder-vs-bicoastal-baddies-2/,2,Bicoastal Baddies,58,29,16,11,1,18,58,0.31,9,37,0.243,13,17,0.765,11,4
d3_tuesdays,D3 Tuesdays,d3_tuesdays:jp-junior-varsity-vs-spaghetti-ramen,https://tdlbasketball.com/event/jp-junior-varsity-vs-spaghetti-ramen/,1,JP Junior Varsity,83,45,20,5,1,31,64,0.484,14,38,0.368,7,7,1.0,16,15
d3_tuesdays,D3 Tuesdays,d3_tuesdays:jp-junior-varsity-vs-spaghetti-ramen,https://tdlbasketball.com/event/jp-junior-varsity-vs-spaghetti-ramen/,2,Spaghetti Ramen,80,40,24,13,0,29,80,0.362,9,40,0.225,13,23,0.565,6,7
d3_tuesdays,D3 Tuesdays,d3_tuesdays:meat-ball-club-vs-smash-n-bounce-3,https://tdlbasketball.com/event/meat-ball-club-vs-smash-n-bounce-3/,1,Meat Ball Club,72,61,25,15,2,28,81,0.346,10,39,0.256,6,10,0.6,14,8
d3_tuesdays,D3 Tuesdays,d3_tuesdays:meat-ball-club-vs-smash-n-bounce-3,https://tdlbasketball.com/event/meat-ball-club-vs-smash-n-bounce-3/,2,Smash N Bounce,49,43,11,15,2,19,66,0.288,7,40,0.175,4,7,0.571,16,9
d3_tuesdays,D3 Tuesdays,d3_tuesdays:spark-plugs-vs-scrub-daddies-2,https://tdlbasketball.com/event/spark-plugs-vs-scrub-daddies-2/,1,Spark Plugs,66,47,19,8,8,26,69,0.377,3,12,0.25,11,16,0.688,16,10
d3_tuesdays,D3 Tuesdays,d3_tuesdays:spark-plugs-vs-scrub-daddies-2,https://tdlbasketball.com/event/spark-plugs-vs-scrub-daddies-2/,2,Scrub Daddies,65,39,18,12,4,23,69,0.333,9,33,0.273,10,14,0.714,15,12
premier_wednesdays,Premier,premier_wednesdays:expensive-league-vs-swish-house,https://tdlbasketball.com/event/expensive-league-vs-swish-house/,1,Expensive League,86,44,16,10,2,32,79,0.405,10,32,0.312,12,16,0.75,7,9
premier_wednesdays,Premier,premier_wednesdays:expensive-league-vs-swish-house,https://tdlbasketball.com/event/expensive-league-vs-swish-house/,2,Swish House,83,37,24,5,7,31,68,0.456,13,36,0.361,8,15,0.533,13,10
premier_wednesdays,Premier,premier_wednesdays:goodrun-app-vs-overtime,https://tdlbasketball.com/event/goodrun-app-vs-overtime/,1,@GoodRun.app,92,38,21,5,4,34,74,0.459,13,32,0.406,11,14,0.786,11,10
premier_wednesdays,Premier,premier_wednesdays:goodrun-app-vs-overtime,https://tdlbasketball.com/event/goodrun-app-vs-overtime/,2,Overtime,97,45,27,10,5,38,85,0.447,9,29,0.31,12,16,0.75,6,9
premier_wednesdays,Premier,premier_wednesdays:hoop-fuel-nutrition-vs-ratpack-2,https://tdlbasketball.com/event/hoop-fuel-nutrition-vs-ratpack-2/,1,Hoop Fuel Nutrition,97,45,24,6,7,37,74,0.5,16,36,0.444,7,15,0.467,11,8
premier_wednesdays,Premier,premier_wednesdays:hoop-fuel-nutrition-vs-ratpack-2,https://tdlbasketball.com/event/hoop-fuel-nutrition-vs-ratpack-2/,2,Ratpack,96,32,21,12,4,34,75,0.453,17,41,0.415,11,13,0.846,4,9
premier_wednesdays,Premier,premier_wednesdays:the-deep-end-vs-five-borough-boys,https://tdlbasketball.com/event/the-deep-end-vs-five-borough-boys/,1,The Deep End,81,41,12,11,11,26,67,0.388,6,18,0.333,23,31,0.742,9,10
premier_wednesdays,Premier,premier_wednesdays:the-deep-end-vs-five-borough-boys,https://tdlbasketball.com/event/the-deep-end-vs-five-borough-boys/,2,Five Borough Boys,72,35,21,11,8,26,71,0.366,10,32,0.312,10,15,0.667,12,18
d2_thursdays,D2 Thursdays,d2_thursdays:dream-vs-chess-not-checkers-2,https://tdlbasketball.com/event/dream-vs-chess-not-checkers-2/,1,Dream,71,62,19,4,3,32,92,0.348,6,26,0.231,1,2,0.5,11,6
d2_thursdays,D2 Thursdays,d2_thursdays:dream-vs-chess-not-checkers-2,https://tdlbasketball.com/event/dream-vs-chess-not-checkers-2/,2,Chess Not Checkers,113,49,27,8,5,47,90,0.522,16,44,0.364,3,5,0.6,6,4
d2_thursdays,D2 Thursdays,d2_thursdays:honey-badgers-vs-hoya-redemption-3,https://tdlbasketball.com/event/honey-badgers-vs-hoya-redemption-3/,1,Honey Badgers,62,25,20,11,5,27,72,0.375,3,18,0.167,5,13,0.385,5,10
d2_thursdays,D2 Thursdays,d2_thursdays:honey-badgers-vs-hoya-redemption-3,https://tdlbasketball.com/event/honey-badgers-vs-hoya-redemption-3/,2,Hoya Redemption,83,52,20,2,5,33,70,0.471,10,34,0.294,7,11,0.636,13,10
d2_thursdays,D2 Thursdays,d2_thursdays:mr-beast-vs-snb,https://tdlbasketball.com/event/mr-beast-vs-snb/,1,Mr. Beast,86,41,19,9,2,36,73,0.493,7,19,0.368,7,13,0.538,15,6
d2_thursdays,D2 Thursdays,d2_thursdays:mr-beast-vs-snb,https://tdlbasketball.com/event/mr-beast-vs-snb/,2,SNB,75,36,21,13,4,30,68,0.441,11,26,0.423,4,5,0.8,13,16
d2_thursdays,D2 Thursdays,d2_thursdays:shiesty-squad-vs-ny-rockits-2,https://tdlbasketball.com/event/shiesty-squad-vs-ny-rockits-2/,1,Shiesty Squad,86,48,28,7,4,35,73,0.479,13,34,0.382,3,6,0.5,13,13
d2_thursdays,D2 Thursdays,d2_thursdays:shiesty-squad-vs-ny-rockits-2,https://tdlbasketball.com/event/shiesty-squad-vs-ny-rockits-2/,2,NY Rockits,88,42,21,15,3,36,80,0.45,5,25,0.2,11,16,0.688,8,5
d3_mondays,D3 Mondays,d3_mondays:ibaka-flaka-flame-vs-brickstone-associates,https://tdlbasketball.com/event/ibaka-flaka-flame-vs-brickstone-associates/,1,Ibaka Flaka Flame,68,43,16,10,3,28,70,0.4,6,25,0.24,6,11,0.545,13,9
d3_mondays,D3 Mondays,d3_mondays:ibaka-flaka-flame-vs-brickstone-associates,https://tdlbasketball.com/event/ibaka-flaka-flame-vs-brickstone-associates/,2,Brickstone Associates,64,42,14,8,6,22,66,0.333,11,29,0.379,9,19,0.474,15,6
d3_mondays,D3 Mondays,d3_mondays:manhattan-mayo-clinic-vs-pippen-aint-easy-3,https://tdlbasketball.com/event/manhattan-mayo-clinic-vs-pippen-aint-easy-3/,1,Manhattan Mayo Clinic,74,43,24,12,1,34,104,0.327,4,32,0.125,2,2,1.0,13,4
d3_mondays,D3 Mondays,d3_mondays:manhattan-mayo-clinic-vs-pippen-aint-easy-3,https://tdlbasketball.com/event/manhattan-mayo-clinic-vs-pippen-aint-easy-3/,2,Pippen Ain’t Easy,139,63,45,9,6,53,99,0.535,29,61,0.475,4,4,1.0,17,3
d3_mondays,D3 Mondays,d3_mondays:smooth-buckets-vs-bkysc,https://tdlbasketball.com/event/smooth-buckets-vs-bkysc/,1,Smooth Buckets,78,40,17,16,4,28,71,0.394,8,30,0.267,14,20,0.7,15,9
d3_mondays,D3 Mondays,d3_mondays:smooth-buckets-vs-bkysc,https://tdlbasketball.com/event/smooth-buckets-vs-bkysc/,2,BKYSC,68,41,21,9,4,27,78,0.346,6,33,0.182,8,11,0.727,18,16
d3_mondays,D3 Mondays,d3_mondays:texas-elite-vs-nj-rockets-3,https://tdlbasketball.com/event/texas-elite-vs-nj-rockets-3/,1,Texas Elite,61,20,17,4,0,20,57,0.351,8,32,0.25,13,15,0.867,9,8
d3_mondays,D3 Mondays,d3_mondays:texas-elite-vs-nj-rockets-3,https://tdlbasketball.com/event/texas-elite-vs-nj-rockets-3/,2,NJ Rockets,101,44,27,6,0,36,69,0.522,19,40,0.475,10,14,0.714,7,7
d3_tuesdays,D3 Tuesdays,d3_tuesdays:ggininder-vs-spaghetti-ramen-2,https://tdlbasketball.com/event/ggininder-vs-spaghetti-ramen-2/,1,GGininder,61,34,15,3,3,24,57,0.421,8,19,0.421,5,12,0.417,13,19
d3_tuesdays,D3 Tuesdays,d3_tuesdays:ggininder-vs-spaghetti-ramen-2,https://tdlbasketball.com/event/ggininder-vs-spaghetti-ramen-2/,2,Spaghetti Ramen,75,26,19,9,3,23,51,0.451,8,22,0.364,21,29,0.724,7,9
d3_tuesdays,D3 Tuesdays,d3_tuesdays:meat-ball-club-vs-jp-junior-varsity-3,https://tdlbasketball.com/event/meat-ball-club-vs-jp-junior-varsity-3/,1,Meat Ball Club,66,39,12,6,1,23,59,0.39,7,29,0.241,13,21,0.619,8,14
d3_tuesdays,D3 Tuesdays,d3_tuesdays:meat-ball-club-vs-jp-junior-varsity-3,https://tdlbasketball.com/event/meat-ball-club-vs-jp-junior-varsity-3/,2,JP Junior Varsity,53,30,13,5,7,18,56,0.321,2,23,0.087,15,20,0.75,11,16
d3_tuesdays,D3 Tuesdays,d3_tuesdays:scrub-daddies-vs-reservoir-dogs-3,https://tdlbasketball.com/event/scrub-daddies-vs-reservoir-dogs-3/,1,Scrub Daddies,84,37,18,12,7,29,62,0.468,7,20,0.35,19,21,0.905,15,5
d3_tuesdays,D3 Tuesdays,d3_tuesdays:scrub-daddies-vs-reservoir-dogs-3,https://tdlbasketball.com/event/scrub-daddies-vs-reservoir-dogs-3/,2,Reservoir Dogs,76,30,25,14,3,31,71,0.437,9,29,0.31,5,9,0.556,12,13
d3_tuesdays,D3 Tuesdays,d3_tuesdays:smash-n-bounce-vs-bicoastal-baddies-3,https://tdlbasketball.com/event/smash-n-bounce-vs-bicoastal-baddies-3/,1,Smash N Bounce,64,34,15,9,3,23,73,0.315,13,44,0.295,5,11,0.455,10,13
d3_tuesdays,D3 Tuesdays,d3_tuesdays:smash-n-bounce-vs-bicoastal-baddies-3,https://tdlbasketball.com/event/smash-n-bounce-vs-bicoastal-baddies-3/,2,Bicoastal Baddies,87,34,24,8,2,32,58,0.552,14,27,0.519,9,12,0.75,11,9
premier_wednesdays,Premier,premier_wednesdays:expensive-league-vs-ratpack-3,https://tdlbasketball.com/event/expensive-league-vs-ratpack-3/,1,Expensive League,72,25,13,3,4,25,47,0.532,16,32,0.5,6,11,0.545,7,5
premier_wednesdays,Premier,premier_wednesdays:expensive-league-vs-ratpack-3,https://tdlbasketball.com/event/expensive-league-vs-ratpack-3/,2,Ratpack,100,33,24,7,1,37,63,0.587,16,29,0.552,10,11,0.909,5,9
premier_wednesdays,Premier,premier_wednesdays:five-borough-boys-vs-the-triads,https://tdlbasketball.com/event/five-borough-boys-vs-the-triads/,1,Five Borough Boys,91,43,28,4,4,36,74,0.486,12,36,0.333,7,12,0.583,8,12
premier_wednesdays,Premier,premier_wednesdays:five-borough-boys-vs-the-triads,https://tdlbasketball.com/event/five-borough-boys-vs-the-triads/,2,The Triads,77,38,21,3,0,27,69,0.391,9,36,0.25,14,23,0.609,7,10
premier_wednesdays,Premier,premier_wednesdays:goodrun-app-vs-hoop-fuel-nutrition,https://tdlbasketball.com/event/goodrun-app-vs-hoop-fuel-nutrition/,1,@GoodRun.app,93,42,21,8,1,37,85,0.435,15,43,0.349,4,7,0.571,9,9
premier_wednesdays,Premier,premier_wednesdays:goodrun-app-vs-hoop-fuel-nutrition,https://tdlbasketball.com/event/goodrun-app-vs-hoop-fuel-nutrition/,2,Hoop Fuel Nutrition,102,40,27,6,5,40,81,0.494,12,37,0.324,10,12,0.833,8,7
premier_wednesdays,Premier,premier_wednesdays:overtime-vs-swish-house,https://tdlbasketball.com/event/overtime-vs-swish-house/,1,Overtime,101,31,25,5,1,40,78,0.513,17,35,0.486,4,5,0.8,5,12
premier_wednesdays,Premier,premier_wednesdays:overtime-vs-swish-house,https://tdlbasketball.com/event/overtime-vs-swish-house/,2,Swish House,113,32,28,2,3,39,69,0.565,22,38,0.579,13,14,0.929,5,6
d2_thursdays,D2 Thursdays,d2_thursdays:hoya-redemption-vs-new-gotham,https://tdlbasketball.com/event/hoya-redemption-vs-new-gotham/,1,Hoya Redemption,81,36,18,6,4,28,67,0.418,12,31,0.387,13,20,0.65,13,9
d2_thursdays,D2 Thursdays,d2_thursdays:hoya-redemption-vs-new-gotham,https://tdlbasketball.com/event/hoya-redemption-vs-new-gotham/,2,New Gotham,94,42,25,12,7,36,73,0.493,13,38,0.342,9,12,0.75,11,14
d2_thursdays,D2 Thursdays,d2_thursdays:ny-rockits-vs-snb-2,https://tdlbasketball.com/event/ny-rockits-vs-snb-2/,1,NY Rockits,101,38,31,12,2,37,71,0.521,16,34,0.471,11,16,0.688,8,7
d2_thursdays,D2 Thursdays,d2_thursdays:ny-rockits-vs-snb-2,https://tdlbasketball.com/event/ny-rockits-vs-snb-2/,2,SNB,77,36,18,6,8,32,71,0.451,11,28,0.393,2,2,1.0,19,13
d2_sundays,D2 Sundays,d2_sundays:big-bullies-vs-arc-angels,https://tdlbasketball.com/event/big-bullies-vs-arc-angels/,1,Big Bullies,67,40,15,8,9,21,61,0.344,11,25,0.44,14,27,0.519,12,6
d2_sundays,D2 Sundays,d2_sundays:big-bullies-vs-arc-angels,https://tdlbasketball.com/event/big-bullies-vs-arc-angels/,2,Arc Angels,61,39,17,10,3,24,66,0.364,9,34,0.265,4,7,0.571,13,20
d2_sundays,D2 Sundays,d2_sundays:bucketboys-vs-hoop-prophets,https://tdlbasketball.com/event/bucketboys-vs-hoop-prophets/,1,BucketBoys,49,28,12,13,4,20,63,0.317,3,25,0.12,6,8,0.75,21,6
d2_sundays,D2 Sundays,d2_sundays:bucketboys-vs-hoop-prophets,https://tdlbasketball.com/event/bucketboys-vs-hoop-prophets/,2,Hoop Prophets,82,49,28,19,4,33,76,0.434,13,37,0.351,3,7,0.429,20,6
d2_sundays,D2 Sundays,d2_sundays:layups-only-vs-infinite-potential,https://tdlbasketball.com/event/layups-only-vs-infinite-potential/,1,Layups Only,55,35,15,5,3,17,52,0.327,7,22,0.318,14,33,0.424,9,16
d2_sundays,D2 Sundays,d2_sundays:layups-only-vs-infinite-potential,https://tdlbasketball.com/event/layups-only-vs-infinite-potential/,2,Infinite Potential,59,30,12,9,7,22,56,0.393,4,16,0.25,11,20,0.55,10,20
d2_sundays,D2 Sundays,d2_sundays:yolo-vs-injustice-league,https://tdlbasketball.com/event/yolo-vs-injustice-league/,1,YOLO,81,40,19,10,3,32,72,0.444,8,24,0.333,9,12,0.75,13,12
d2_sundays,D2 Sundays,d2_sundays:yolo-vs-injustice-league,https://tdlbasketball.com/event/yolo-vs-injustice-league/,2,Injustice League,74,40,22,8,1,29,75,0.387,8,35,0.229,8,16,0.5,12,10
d3_sundays,D3 Sundays,d3_sundays:ball-is-life-vs-seawolves,https://tdlbasketball.com/event/ball-is-life-vs-seawolves/,1,Ball Is Life,58,29,15,8,4,21,65,0.323,7,27,0.259,9,16,0.562,14,15
d3_sundays,D3 Sundays,d3_sundays:ball-is-life-vs-seawolves,https://tdlbasketball.com/event/ball-is-life-vs-seawolves/,2,Seawolves,64,45,18,9,3,27,66,0.409,3,20,0.15,9,19,0.474,13,11
d3_sundays,D3 Sundays,d3_sundays:big-bullies-vs-supreme-team,https://tdlbasketball.com/event/big-bullies-vs-supreme-team/,1,Big Bullies,62,41,20,6,2,26,78,0.333,7,38,0.184,3,6,0.5,14,14
d3_sundays,D3 Sundays,d3_sundays:big-bullies-vs-supreme-team,https://tdlbasketball.com/event/big-bullies-vs-supreme-team/,2,Supreme Team,79,41,26,8,5,29,69,0.42,14,35,0.4,7,9,0.778,12,7
d3_sundays,D3 Sundays,d3_sundays:big-song-lil-wong-vs-true-step-pt,https://tdlbasketball.com/event/big-song-lil-wong-vs-true-step-pt/,1,Big Song Lil Wong,104,41,29,10,2,41,75,0.547,16,40,0.4,6,10,0.6,4,4
d3_sundays,D3 Sundays,d3_sundays:big-song-lil-wong-vs-true-step-pt,https://tdlbasketball.com/event/big-song-lil-wong-vs-true-step-pt/,2,True Step PT,67,37,20,3,0,29,71,0.408,9,32,0.281,0,0,0.0,15,9
d3_sundays,D3 Sundays,d3_sundays:brick-squad-vs-jamies-jammers,https://tdlbasketball.com/event/brick-squad-vs-jamies-jammers/,1,Brick Squad,73,34,16,7,0,23,63,0.365,11,37,0.297,16,25,0.64,8,15
d3_sundays,D3 Sundays,d3_sundays:brick-squad-vs-jamies-jammers,https://tdlbasketball.com/event/brick-squad-vs-jamies-jammers/,2,Jamie's Jammers,67,43,16,6,8,25,63,0.397,7,39,0.179,10,18,0.556,12,18
d3_sundays,D3 Sundays,d3_sundays:cone-drill-2-0-vs-ice-in-my-veins-2,https://tdlbasketball.com/event/cone-drill-2-0-vs-ice-in-my-veins-2/,1,Cone Drill 2.0,68,51,23,11,2,28,69,0.406,9,37,0.243,3,3,1.0,19,8
d3_sundays,D3 Sundays,d3_sundays:cone-drill-2-0-vs-ice-in-my-veins-2,https://tdlbasketball.com/event/cone-drill-2-0-vs-ice-in-my-veins-2/,2,Ice In My Veins,51,40,16,12,2,20,74,0.27,8,30,0.267,3,6,0.5,14,8
d3_sundays,D3 Sundays,d3_sundays:team-sky-vs-part-time-goats,https://tdlbasketball.com/event/team-sky-vs-part-time-goats/,1,Team Sky,68,38,18,10,2,24,57,0.421,9,28,0.321,11,12,0.917,19,16
d3_sundays,D3 Sundays,d3_sundays:team-sky-vs-part-time-goats,https://tdlbasketball.com/event/team-sky-vs-part-time-goats/,2,Part Time Goats,63,33,18,12,2,23,60,0.383,4,21,0.19,13,26,0.5,9,12
d3_mondays,D3 Mondays,d3_mondays:brickstone-associates-vs-manhattan-elite-2,https://tdlbasketball.com/event/brickstone-associates-vs-manhattan-elite-2/,1,Brickstone Associates,68,35,23,6,11,29,68,0.426,8,33,0.242,2,4,0.5,6,5
d3_mondays,D3 Mondays,d3_mondays:brickstone-associates-vs-manhattan-elite-2,https://tdlbasketball.com/event/brickstone-associates-vs-manhattan-elite-2/,2,Manhattan Elite,78,42,25,5,3,30,72,0.417,12,26,0.462,6,7,0.857,8,11
d3_mondays,D3 Mondays,d3_mondays:nj-rockets-vs-bkysc,https://tdlbasketball.com/event/nj-rockets-vs-bkysc/,1,NJ Rockets,77,42,20,5,6,27,70,0.386,14,38,0.368,9,12,0.75,8,13
d3_mondays,D3 Mondays,d3_mondays:nj-rockets-vs-bkysc,https://tdlbasketball.com/event/nj-rockets-vs-bkysc/,2,BKYSC,64,45,21,6,7,24,70,0.343,8,29,0.276,8,12,0.667,9,10
d3_mondays,D3 Mondays,d3_mondays:smooth-buckets-vs-pippen-aint-easy,https://tdlbasketball.com/event/smooth-buckets-vs-pippen-aint-easy/,1,Smooth Buckets,84,48,25,11,4,35,91,0.385,9,30,0.3,5,8,0.625,6,18
d3_mondays,D3 Mondays,d3_mondays:smooth-buckets-vs-pippen-aint-easy,https://tdlbasketball.com/event/smooth-buckets-vs-pippen-aint-easy/,2,Pippen Ain’t Easy,82,44,24,4,2,28,60,0.467,15,27,0.556,11,23,0.478,16,9
d3_mondays,D3 Mondays,d3_mondays:texas-elite-vs-manhattan-mayo-clinic-3,https://tdlbasketball.com/event/texas-elite-vs-manhattan-mayo-clinic-3/,1,Texas Elite,73,37,21,9,5,27,57,0.474,12,29,0.414,7,8,0.875,14,13
d3_mondays,D3 Mondays,d3_mondays:texas-elite-vs-manhattan-mayo-clinic-3,https://tdlbasketball.com/event/texas-elite-vs-manhattan-mayo-clinic-3/,2,Manhattan Mayo Clinic,48,47,6,12,1,18,73,0.247,4,24,0.167,10,15,0.667,13,9
d3_tuesdays,D3 Tuesdays,d3_tuesdays:bicoastal-baddies-vs-spark-plugs,https://tdlbasketball.com/event/bicoastal-baddies-vs-spark-plugs/,1,Bicoastal Baddies,71,29,21,9,2,25,65,0.385,17,38,0.447,4,5,0.8,9,14
d3_tuesdays,D3 Tuesdays,d3_tuesdays:bicoastal-baddies-vs-spark-plugs,https://tdlbasketball.com/event/bicoastal-baddies-vs-spark-plugs/,2,Spark Plugs,57,50,12,4,5,20,69,0.29,3,19,0.158,14,17,0.824,16,7
d3_tuesdays,D3 Tuesdays,d3_tuesdays:reservoir-dogs-vs-ggininder-2,https://tdlbasketball.com/event/reservoir-dogs-vs-ggininder-2/,1,Reservoir Dogs,62,36,20,15,1,23,58,0.397,7,23,0.304,9,14,0.643,12,8
d3_tuesdays,D3 Tuesdays,d3_tuesdays:reservoir-dogs-vs-ggininder-2,https://tdlbasketball.com/event/reservoir-dogs-vs-ggininder-2/,2,GGininder,60,30,13,6,0,22,59,0.373,10,30,0.333,6,8,0.75,17,9
d3_tuesdays,D3 Tuesdays,d3_tuesdays:scrub-daddies-vs-jp-junior-varsity-3,https://tdlbasketball.com/event/scrub-daddies-vs-jp-junior-varsity-3/,1,Scrub Daddies,89,39,20,20,14,37,74,0.5,7,18,0.389,8,12,0.667,9,12
d3_tuesdays,D3 Tuesdays,d3_tuesdays:scrub-daddies-vs-jp-junior-varsity-3,https://tdlbasketball.com/event/scrub-daddies-vs-jp-junior-varsity-3/,2,JP Junior Varsity,79,31,14,4,5,27,64,0.422,12,29,0.414,13,16,0.812,11,10
d3_tuesdays,D3 Tuesdays,d3_tuesdays:spaghetti-ramen-vs-meat-ball-club-3,https://tdlbasketball.com/event/spaghetti-ramen-vs-meat-ball-club-3/,1,Spaghetti Ramen,45,40,12,8,9,13,50,0.26,7,27,0.259,12,18,0.667,23,11
d3_tuesdays,D3 Tuesdays,d3_tuesdays:spaghetti-ramen-vs-meat-ball-club-3,https://tdlbasketball.com/event/spaghetti-ramen-vs-meat-ball-club-3/,2,Meat Ball Club,61,43,20,18,2,24,74,0.324,6,29,0.207,7,13,0.538,12,13
premier_wednesdays,Premier,premier_wednesdays:five-borough-boys-vs-hoop-fuel-nutrition,https://tdlbasketball.com/event/five-borough-boys-vs-hoop-fuel-nutrition/,1,Five Borough Boys,85,37,22,16,4,34,75,0.453,10,30,0.333,5,6,0.833,10,10
premier_wednesdays,Premier,premier_wednesdays:five-borough-boys-vs-hoop-fuel-nutrition,https://tdlbasketball.com/event/five-borough-boys-vs-hoop-fuel-nutrition/,2,Hoop Fuel Nutrition,77,48,19,5,1,30,75,0.4,8,33,0.242,9,18,0.5,14,5
premier_wednesdays,Premier,premier_wednesdays:ratpack-vs-goodrun-app-2,https://tdlbasketball.com/event/ratpack-vs-goodrun-app-2/,1,Ratpack,90,53,19,7,4,31,87,0.356,11,37,0.297,17,20,0.85,6,8
premier_wednesdays,Premier,premier_wednesdays:ratpack-vs-goodrun-app-2,https://tdlbasketball.com/event/ratpack-vs-goodrun-app-2/,2,@GoodRun.app,85,43,23,6,6,30,78,0.385,14,45,0.311,11,11,1.0,12,17
premier_wednesdays,Premier,premier_wednesdays:swish-house-vs-the-deep-end,https://tdlbasketball.com/event/swish-house-vs-the-deep-end/,1,Swish House,99,30,27,8,4,33,72,0.458,24,53,0.453,9,10,0.9,6,8
premier_wednesdays,Premier,premier_wednesdays:swish-house-vs-the-deep-end,https://tdlbasketball.com/event/swish-house-vs-the-deep-end/,2,The Deep End,86,59,16,6,1,37,90,0.411,8,31,0.258,4,11,0.364,9,10
premier_wednesdays,Premier,premier_wednesdays:the-triads-vs-expensive-league,https://tdlbasketball.com/event/the-triads-vs-expensive-league/,1,The Triads,67,31,16,9,7,27,72,0.375,13,40,0.325,0,0,0.0,8,19
premier_wednesdays,Premier,premier_wednesdays:the-triads-vs-expensive-league,https://tdlbasketball.com/event/the-triads-vs-expensive-league/,2,Expensive League,86,46,18,7,4,28,62,0.452,9,25,0.36,21,30,0.7,8,8
d2_thursdays,D2 Thursdays,d2_thursdays:chess-not-checkers-vs-shiesty-squad-2,https://tdlbasketball.com/event/chess-not-checkers-vs-shiesty-squad-2/,1,Chess Not Checkers,111,30,21,14,3,41,78,0.526,15,30,0.5,14,17,0.824,5,5
d2_thursdays,D2 Thursdays,d2_thursdays:chess-not-checkers-vs-shiesty-squad-2,https://tdlbasketball.com/event/chess-not-checkers-vs-shiesty-squad-2/,2,Shiesty Squad,94,41,22,4,5,40,74,0.541,11,32,0.344,3,6,0.5,14,11
d2_thursdays,D2 Thursdays,d2_thursdays:hoya-redemption-vs-dream,https://tdlbasketball.com/event/hoya-redemption-vs-dream/,1,Hoya Redemption,94,43,29,7,3,34,75,0.453,16,39,0.41,10,13,0.769,8,5
d2_thursdays,D2 Thursdays,d2_thursdays:hoya-redemption-vs-dream,https://tdlbasketball.com/event/hoya-redemption-vs-dream/,2,Dream,68,34,21,7,5,28,68,0.412,9,27,0.333,3,4,0.75,10,11
d2_thursdays,D2 Thursdays,d2_thursdays:new-gotham-vs-mr-beast,https://tdlbasketball.com/event/new-gotham-vs-mr-beast/,1,New Gotham,73,39,22,15,9,27,60,0.45,8,28,0.286,11,20,0.55,12,12
d2_thursdays,D2 Thursdays,d2_thursdays:new-gotham-vs-mr-beast,https://tdlbasketball.com/event/new-gotham-vs-mr-beast/,2,Mr. Beast,69,40,11,9,1,22,66,0.333,8,26,0.308,17,20,0.85,14,9
d2_thursdays,D2 Thursdays,d2_thursdays:snb-vs-honey-badgers-2,https://tdlbasketball.com/event/snb-vs-honey-badgers-2/,1,SNB,95,38,32,10,4,37,63,0.587,16,32,0.5,5,8,0.625,12,13
d2_thursdays,D2 Thursdays,d2_thursdays:snb-vs-honey-badgers-2,https://tdlbasketball.com/event/snb-vs-honey-badgers-2/,2,Honey Badgers,63,38,17,14,11,23,63,0.365,7,26,0.269,10,16,0.625,12,7
d2_sundays,D2 Sundays,d2_sundays:arc-angels-vs-rush-hour-2,https://tdlbasketball.com/event/arc-angels-vs-rush-hour-2/,1,Arc Angels,44,35,7,7,5,17,54,0.315,5,21,0.238,5,9,0.556,11,17
d2_sundays,D2 Sundays,d2_sundays:arc-angels-vs-rush-hour-2,https://tdlbasketball.com/event/arc-angels-vs-rush-hour-2/,2,Rush Hour,55,32,10,9,6,18,58,0.31,6,30,0.2,13,20,0.65,9,5
d2_sundays,D2 Sundays,d2_sundays:bucketboys-vs-infinite-potential,https://tdlbasketball.com/event/bucketboys-vs-infinite-potential/,1,BucketBoys,60,28,13,10,2,24,59,0.407,10,28,0.357,2,8,0.25,17,11
d2_sundays,D2 Sundays,d2_sundays:bucketboys-vs-infinite-potential,https://tdlbasketball.com/event/bucketboys-vs-infinite-potential/,2,Infinite Potential,71,42,22,13,2,28,65,0.431,8,28,0.286,7,11,0.636,14,7
d2_sundays,D2 Sundays,d2_sundays:hoop-prophets-vs-yolo-2,https://tdlbasketball.com/event/hoop-prophets-vs-yolo-2/,1,Hoop Prophets,65,37,15,18,6,24,73,0.329,10,38,0.263,7,17,0.412,6,17
d2_sundays,D2 Sundays,d2_sundays:hoop-prophets-vs-yolo-2,https://tdlbasketball.com/event/hoop-prophets-vs-yolo-2/,2,YOLO,73,46,20,6,4,24,56,0.429,9,26,0.346,16,22,0.727,17,10
d2_sundays,D2 Sundays,d2_sundays:injustice-league-vs-layups-only,https://tdlbasketball.com/event/injustice-league-vs-layups-only/,1,Injustice League,79,40,22,10,3,30,66,0.455,11,29,0.379,8,12,0.667,13,8
d2_sundays,D2 Sundays,d2_sundays:injustice-league-vs-layups-only,https://tdlbasketball.com/event/injustice-league-vs-layups-only/,2,Layups Only,73,32,27,12,5,32,73,0.438,7,25,0.28,2,5,0.4,11,9
d3_sundays,D3 Sundays,d3_sundays:ball-is-life-vs-team-sky-2,https://tdlbasketball.com/event/ball-is-life-vs-team-sky-2/,1,Ball Is Life,72,51,18,8,5,28,85,0.329,9,39,0.231,7,8,0.875,10,10
d3_sundays,D3 Sundays,d3_sundays:ball-is-life-vs-team-sky-2,https://tdlbasketball.com/event/ball-is-life-vs-team-sky-2/,2,Team Sky,69,39,15,6,2,25,70,0.357,12,38,0.316,7,12,0.583,11,11
d3_sundays,D3 Sundays,d3_sundays:big-song-lil-wong-vs-supreme-team-2,https://tdlbasketball.com/event/big-song-lil-wong-vs-supreme-team-2/,1,Big Song Lil Wong,62,29,14,4,0,21,49,0.429,12,31,0.387,8,12,0.667,14,15
d3_sundays,D3 Sundays,d3_sundays:big-song-lil-wong-vs-supreme-team-2,https://tdlbasketball.com/event/big-song-lil-wong-vs-supreme-team-2/,2,Supreme Team,68,39,21,11,1,23,58,0.397,9,31,0.29,13,19,0.684,10,12
d3_sundays,D3 Sundays,d3_sundays:part-time-goats-vs-brick-squad-2,https://tdlbasketball.com/event/part-time-goats-vs-brick-squad-2/,1,Part Time Goats,79,30,23,7,4,28,58,0.483,10,23,0.435,13,17,0.765,15,15
d3_sundays,D3 Sundays,d3_sundays:part-time-goats-vs-brick-squad-2,https://tdlbasketball.com/event/part-time-goats-vs-brick-squad-2/,2,Brick Squad,95,34,21,8,4,34,64,0.531,20,36,0.556,7,17,0.412,10,12
d3_sundays,D3 Sundays,d3_sundays:seawolves-vs-the-big-ragus,https://tdlbasketball.com/event/seawolves-vs-the-big-ragus/,1,Seawolves,76,40,16,18,6,31,70,0.443,7,25,0.28,7,13,0.538,14,7
d3_sundays,D3 Sundays,d3_sundays:seawolves-vs-the-big-ragus,https://tdlbasketball.com/event/seawolves-vs-the-big-ragus/,2,The Big Ragus,62,43,20,8,4,23,73,0.315,9,41,0.22,7,8,0.875,19,15
d3_sundays,D3 Sundays,d3_sundays:sunday-sauce-vs-jamies-jammers,https://tdlbasketball.com/event/sunday-sauce-vs-jamies-jammers/,1,Sunday Sauce,55,47,12,4,4,23,69,0.333,2,23,0.087,7,13,0.538,10,9
d3_sundays,D3 Sundays,d3_sundays:sunday-sauce-vs-jamies-jammers,https://tdlbasketball.com/event/sunday-sauce-vs-jamies-jammers/,2,Jamie's Jammers,77,52,19,8,5,30,74,0.405,9,32,0.281,6,11,0.545,11,12
d3_sundays,D3 Sundays,d3_sundays:true-step-pt-vs-ice-in-my-veins-3,https://tdlbasketball.com/event/true-step-pt-vs-ice-in-my-veins-3/,1,True Step PT,42,41,13,10,0,15,63,0.238,4,26,0.154,8,11,0.727,12,8
d3_sundays,D3 Sundays,d3_sundays:true-step-pt-vs-ice-in-my-veins-3,https://tdlbasketball.com/event/true-step-pt-vs-ice-in-my-veins-3/,2,Ice In My Veins,72,39,22,9,3,27,58,0.466,9,25,0.36,7,14,0.5,12,8
d3_mondays,D3 Mondays,d3_mondays:bkysc-vs-ibaka-flaka-flame,https://tdlbasketball.com/event/bkysc-vs-ibaka-flaka-flame/,1,BKYSC,66,33,20,8,5,24,55,0.436,9,21,0.429,9,16,0.562,12,18
d3_mondays,D3 Mondays,d3_mondays:bkysc-vs-ibaka-flaka-flame,https://tdlbasketball.com/event/bkysc-vs-ibaka-flaka-flame/,2,Ibaka Flaka Flame,77,36,20,8,5,25,61,0.41,8,25,0.32,19,27,0.704,11,12
d3_mondays,D3 Mondays,d3_mondays:brickstone-associates-vs-manhattan-mayo-clinic-2,https://tdlbasketball.com/event/brickstone-associates-vs-manhattan-mayo-clinic-2/,1,Brickstone Associates,78,45,26,7,1,30,66,0.455,8,28,0.286,10,18,0.556,18,8
d3_mondays,D3 Mondays,d3_mondays:brickstone-associates-vs-manhattan-mayo-clinic-2,https://tdlbasketball.com/event/brickstone-associates-vs-manhattan-mayo-clinic-2/,2,Manhattan Mayo Clinic,71,42,21,13,5,29,82,0.354,10,32,0.312,3,8,0.375,8,14
d3_mondays,D3 Mondays,d3_mondays:manhattan-elite-vs-smooth-buckets,https://tdlbasketball.com/event/manhattan-elite-vs-smooth-buckets/,1,Manhattan Elite,72,36,16,6,4,24,49,0.49,7,21,0.333,17,21,0.81,17,15
d3_mondays,D3 Mondays,d3_mondays:manhattan-elite-vs-smooth-buckets,https://tdlbasketball.com/event/manhattan-elite-vs-smooth-buckets/,2,Smooth Buckets,63,25,15,12,3,23,60,0.383,10,28,0.357,7,16,0.438,11,16
d3_mondays,D3 Mondays,d3_mondays:pippen-aint-easy-vs-texas-elite-3,https://tdlbasketball.com/event/pippen-aint-easy-vs-texas-elite-3/,1,Pippen Ain’t Easy,95,38,30,10,1,35,76,0.461,16,36,0.444,9,16,0.562,8,19
d3_mondays,D3 Mondays,d3_mondays:pippen-aint-easy-vs-texas-elite-3,https://tdlbasketball.com/event/pippen-aint-easy-vs-texas-elite-3/,2,Texas Elite,98,39,24,5,1,32,70,0.457,14,34,0.412,20,27,0.741,10,11
d3_tuesdays,D3 Tuesdays,d3_tuesdays:jp-junior-varsity-vs-smash-n-bounce-2,https://tdlbasketball.com/event/jp-junior-varsity-vs-smash-n-bounce-2/,1,JP Junior Varsity,100,49,34,8,8,40,85,0.471,18,39,0.462,2,4,0.5,11,2
d3_tuesdays,D3 Tuesdays,d3_tuesdays:jp-junior-varsity-vs-smash-n-bounce-2,https://tdlbasketball.com/event/jp-junior-varsity-vs-smash-n-bounce-2/,2,Smash N Bounce,82,39,25,8,3,30,83,0.361,17,46,0.37,5,6,0.833,10,4
d3_tuesdays,D3 Tuesdays,d3_tuesdays:meat-ball-club-vs-bicoastal-baddies-3,https://tdlbasketball.com/event/meat-ball-club-vs-bicoastal-baddies-3/,1,Meat Ball Club,103,54,32,13,3,41,88,0.466,20,42,0.476,1,2,0.5,14,8
d3_tuesdays,D3 Tuesdays,d3_tuesdays:meat-ball-club-vs-bicoastal-baddies-3,https://tdlbasketball.com/event/meat-ball-club-vs-bicoastal-baddies-3/,2,Bicoastal Baddies,71,39,24,12,5,28,82,0.341,10,39,0.256,5,9,0.556,15,7
d3_tuesdays,D3 Tuesdays,d3_tuesdays:reservoir-dogs-vs-spaghetti-ramen-2,https://tdlbasketball.com/event/reservoir-dogs-vs-spaghetti-ramen-2/,1,Reservoir Dogs,75,41,26,7,1,29,71,0.408,12,29,0.414,5,8,0.625,11,10
d3_tuesdays,D3 Tuesdays,d3_tuesdays:reservoir-dogs-vs-spaghetti-ramen-2,https://tdlbasketball.com/event/reservoir-dogs-vs-spaghetti-ramen-2/,2,Spaghetti Ramen,73,34,24,9,2,27,67,0.403,13,31,0.419,6,7,0.857,13,8
d3_tuesdays,D3 Tuesdays,d3_tuesdays:spark-plugs-vs-ggininder-3,https://tdlbasketball.com/event/spark-plugs-vs-ggininder-3/,1,Spark Plugs,99,61,21,10,6,42,86,0.488,9,29,0.31,6,11,0.545,13,4
d3_tuesdays,D3 Tuesdays,d3_tuesdays:spark-plugs-vs-ggininder-3,https://tdlbasketball.com/event/spark-plugs-vs-ggininder-3/,2,GGininder,59,31,19,7,1,25,77,0.325,7,26,0.269,2,4,0.5,14,10
premier_wednesdays,Premier,premier_wednesdays:goodrun-app-vs-swish-house,https://tdlbasketball.com/event/goodrun-app-vs-swish-house/,1,@GoodRun.app,76,31,22,7,4,31,74,0.419,12,40,0.3,2,4,0.5,9,9
premier_wednesdays,Premier,premier_wednesdays:goodrun-app-vs-swish-house,https://tdlbasketball.com/event/goodrun-app-vs-swish-house/,2,Swish House,117,50,34,11,3,43,83,0.518,21,50,0.42,10,11,0.909,8,4
premier_wednesdays,Premier,premier_wednesdays:hoop-fuel-nutrition-vs-overtime,https://tdlbasketball.com/event/hoop-fuel-nutrition-vs-overtime/,1,Hoop Fuel Nutrition,66,43,14,9,0,25,92,0.272,10,48,0.208,6,12,0.5,8,8
premier_wednesdays,Premier,premier_wednesdays:hoop-fuel-nutrition-vs-overtime,https://tdlbasketball.com/event/hoop-fuel-nutrition-vs-overtime/,2,Overtime,101,64,25,8,7,41,81,0.506,8,32,0.25,11,13,0.846,10,11
premier_wednesdays,Premier,premier_wednesdays:the-deep-end-vs-expensive-league-2,https://tdlbasketball.com/event/the-deep-end-vs-expensive-league-2/,1,The Deep End,63,45,17,8,3,29,69,0.42,4,20,0.2,1,3,0.333,15,11
premier_wednesdays,Premier,premier_wednesdays:the-deep-end-vs-expensive-league-2,https://tdlbasketball.com/event/the-deep-end-vs-expensive-league-2/,2,Expensive League,79,38,17,13,4,29,73,0.397,11,33,0.333,10,17,0.588,11,1
premier_wednesdays,Premier,premier_wednesdays:the-triads-vs-ratpack,https://tdlbasketball.com/event/the-triads-vs-ratpack/,1,The Triads,89,39,30,3,1,34,88,0.386,18,57,0.316,3,4,0.75,5,15
premier_wednesdays,Premier,premier_wednesdays:the-triads-vs-ratpack,https://tdlbasketball.com/event/the-triads-vs-ratpack/,2,Ratpack,94,45,19,3,5,35,66,0.53,10,26,0.385,14,21,0.667,9,7
d2_thursdays,D2 Thursdays,d2_thursdays:dream-vs-ny-rockits-2,https://tdlbasketball.com/event/dream-vs-ny-rockits-2/,1,Dream,62,47,20,10,2,26,78,0.333,4,19,0.211,4,9,0.444,17,14
d2_thursdays,D2 Thursdays,d2_thursdays:dream-vs-ny-rockits-2,https://tdlbasketball.com/event/dream-vs-ny-rockits-2/,2,NY Rockits,78,51,21,11,8,29,76,0.382,12,41,0.293,8,14,0.571,16,12
d2_thursdays,D2 Thursdays,d2_thursdays:honey-badgers-vs-mr-beast-3,https://tdlbasketball.com/event/honey-badgers-vs-mr-beast-3/,1,Honey Badgers,76,45,21,5,7,29,74,0.392,15,35,0.429,3,6,0.5,17,8
d2_thursdays,D2 Thursdays,d2_thursdays:honey-badgers-vs-mr-beast-3,https://tdlbasketball.com/event/honey-badgers-vs-mr-beast-3/,2,Mr. Beast,91,48,22,11,2,35,84,0.417,12,40,0.3,9,13,0.692,8,5
d2_thursdays,D2 Thursdays,d2_thursdays:new-gotham-vs-chess-not-checkers-2,https://tdlbasketball.com/event/new-gotham-vs-chess-not-checkers-2/,1,New Gotham,69,31,20,7,4,27,68,0.397,11,43,0.256,4,5,0.8,11,11
d2_thursdays,D2 Thursdays,d2_thursdays:new-gotham-vs-chess-not-checkers-2,https://tdlbasketball.com/event/new-gotham-vs-chess-not-checkers-2/,2,Chess Not Checkers,101,47,23,7,3,40,76,0.526,16,38,0.421,5,7,0.714,9,5
d2_thursdays,D2 Thursdays,d2_thursdays:shiesty-squad-vs-snb,https://tdlbasketball.com/event/shiesty-squad-vs-snb/,1,Shiesty Squad,88,44,23,6,4,33,72,0.458,11,27,0.407,11,16,0.688,6,10
d2_thursdays,D2 Thursdays,d2_thursdays:shiesty-squad-vs-snb,https://tdlbasketball.com/event/shiesty-squad-vs-snb/,2,SNB,80,41,21,5,2,30,71,0.423,13,18,0.722,7,10,0.7,7,11
d2_sundays,D2 Sundays,d2_sundays:hoop-prophets-vs-injustice-league,https://tdlbasketball.com/event/hoop-prophets-vs-injustice-league/,1,Hoop Prophets,60,44,17,10,9,22,63,0.349,4,25,0.16,12,15,0.8,11,15
d2_sundays,D2 Sundays,d2_sundays:hoop-prophets-vs-injustice-league,https://tdlbasketball.com/event/hoop-prophets-vs-injustice-league/,2,Injustice League,63,52,9,7,2,22,75,0.293,6,21,0.286,13,25,0.52,11,9
d2_sundays,D2 Sundays,d2_sundays:infinite-potential-vs-big-bullies,https://tdlbasketball.com/event/infinite-potential-vs-big-bullies/,1,Infinite Potential,50,43,8,13,2,18,63,0.286,5,22,0.227,9,15,0.6,9,16
d2_sundays,D2 Sundays,d2_sundays:infinite-potential-vs-big-bullies,https://tdlbasketball.com/event/infinite-potential-vs-big-bullies/,2,Big Bullies,58,33,14,8,8,18,49,0.367,7,25,0.28,14,22,0.636,14,12
d2_sundays,D2 Sundays,d2_sundays:layups-only-vs-arc-angels,https://tdlbasketball.com/event/layups-only-vs-arc-angels/,1,Layups Only,77,44,27,11,1,31,71,0.437,11,34,0.324,4,6,0.667,12,10
d2_sundays,D2 Sundays,d2_sundays:layups-only-vs-arc-angels,https://tdlbasketball.com/event/layups-only-vs-arc-angels/,2,Arc Angels,58,44,19,6,1,22,76,0.289,9,43,0.209,5,12,0.417,11,6
d2_sundays,D2 Sundays,d2_sundays:rush-hour-vs-yolo,https://tdlbasketball.com/event/rush-hour-vs-yolo/,1,Rush Hour,95,38,30,3,4,37,64,0.578,15,33,0.455,6,9,0.667,5,3
d2_sundays,D2 Sundays,d2_sundays:rush-hour-vs-yolo,https://tdlbasketball.com/event/rush-hour-vs-yolo/,2,YOLO,53,23,20,5,5,24,62,0.387,4,17,0.235,1,5,0.2,8,6
d3_sundays,D3 Sundays,d3_sundays:brick-squad-vs-ball-is-life-2,https://tdlbasketball.com/event/brick-squad-vs-ball-is-life-2/,1,Brick Squad,77,35,21,4,3,28,61,0.459,10,27,0.37,11,19,0.579,11,11
d3_sundays,D3 Sundays,d3_sundays:brick-squad-vs-ball-is-life-2,https://tdlbasketball.com/event/brick-squad-vs-ball-is-life-2/,2,Ball Is Life,82,34,21,9,1,32,74,0.432,13,37,0.351,5,11,0.455,8,16
d3_sundays,D3 Sundays,d3_sundays:cone-drill-2-0-vs-jamies-jammers,https://tdlbasketball.com/event/cone-drill-2-0-vs-jamies-jammers/,1,Cone Drill 2.0,77,48,19,12,4,28,78,0.359,12,38,0.316,9,11,0.818,9,6
d3_sundays,D3 Sundays,d3_sundays:cone-drill-2-0-vs-jamies-jammers,https://tdlbasketball.com/event/cone-drill-2-0-vs-jamies-jammers/,2,Jamie's Jammers,61,41,11,6,4,23,68,0.338,12,41,0.293,3,4,0.75,17,13
d3_sundays,D3 Sundays,d3_sundays:seawolves-vs-big-bullies,https://tdlbasketball.com/event/seawolves-vs-big-bullies/,1,Seawolves,58,32,9,14,2,19,59,0.322,8,27,0.296,12,24,0.5,6,16
d3_sundays,D3 Sundays,d3_sundays:seawolves-vs-big-bullies,https://tdlbasketball.com/event/seawolves-vs-big-bullies/,2,Big Bullies,52,49,8,4,2,20,60,0.333,2,22,0.091,10,18,0.556,16,18
d3_sundays,D3 Sundays,d3_sundays:sunday-sauce-vs-part-time-goats,https://tdlbasketball.com/event/sunday-sauce-vs-part-time-goats/,1,Sunday Sauce,75,32,21,6,2,28,63,0.444,14,27,0.519,5,6,0.833,16,12
d3_sundays,D3 Sundays,d3_sundays:sunday-sauce-vs-part-time-goats,https://tdlbasketball.com/event/sunday-sauce-vs-part-time-goats/,2,Part Time Goats,100,39,35,15,6,42,72,0.583,12,30,0.4,4,19,0.211,9,11
d3_sundays,D3 Sundays,d3_sundays:supreme-team-vs-true-step-pt-2,https://tdlbasketball.com/event/supreme-team-vs-true-step-pt-2/,1,Supreme Team,86,45,31,8,6,34,74,0.459,14,44,0.318,4,7,0.571,10,7
d3_sundays,D3 Sundays,d3_sundays:supreme-team-vs-true-step-pt-2,https://tdlbasketball.com/event/supreme-team-vs-true-step-pt-2/,2,True Step PT,69,42,24,7,2,28,76,0.368,10,35,0.286,3,10,0.3,13,8
d3_sundays,D3 Sundays,d3_sundays:the-big-ragus-vs-team-sky,https://tdlbasketball.com/event/the-big-ragus-vs-team-sky/,1,The Big Ragus,84,48,28,7,3,35,78,0.449,10,36,0.278,4,6,0.667,9,7
d3_sundays,D3 Sundays,d3_sundays:the-big-ragus-vs-team-sky,https://tdlbasketball.com/event/the-big-ragus-vs-team-sky/,2,Team Sky,61,32,17,5,4,24,65,0.369,11,34,0.324,2,3,0.667,13,8
d2_thursdays,D2 Thursdays,d2_thursdays:mr-beast-vs-chess-not-checkers-2,https://tdlbasketball.com/event/mr-beast-vs-chess-not-checkers-2/,1,Mr. Beast,66,33,14,1,1,25,70,0.357,11,30,0.367,5,8,0.625,7,9
d2_thursdays,D2 Thursdays,d2_thursdays:mr-beast-vs-chess-not-checkers-2,https://tdlbasketball.com/event/mr-beast-vs-chess-not-checkers-2/,2,Chess Not Checkers,98,35,23,5,3,37,67,0.552,17,30,0.567,7,13,0.538,5,5
d3_tuesdays,D3 Tuesdays,d3_tuesdays:bicoastal-baddies-vs-reservoir-dogs-4,https://tdlbasketball.com/event/bicoastal-baddies-vs-reservoir-dogs-4/,1,Bicoastal Baddies,62,42,16,6,4,21,61,0.344,11,36,0.306,9,12,0.75,14,4
d3_tuesdays,D3 Tuesdays,d3_tuesdays:bicoastal-baddies-vs-reservoir-dogs-4,https://tdlbasketball.com/event/bicoastal-baddies-vs-reservoir-dogs-4/,2,Reservoir Dogs,59,46,15,10,2,27,83,0.325,3,26,0.115,2,5,0.4,10,10
d3_tuesdays,D3 Tuesdays,d3_tuesdays:smash-n-bounce-vs-scrub-daddies-3,https://tdlbasketball.com/event/smash-n-bounce-vs-scrub-daddies-3/,1,Smash N Bounce,49,30,20,4,1,21,57,0.368,6,20,0.3,1,1,1.0,14,10
d3_tuesdays,D3 Tuesdays,d3_tuesdays:smash-n-bounce-vs-scrub-daddies-3,https://tdlbasketball.com/event/smash-n-bounce-vs-scrub-daddies-3/,2,Scrub Daddies,91,43,32,13,5,32,75,0.427,20,44,0.455,7,12,0.583,8,4
d3_tuesdays,D3 Tuesdays,d3_tuesdays:spaghetti-ramen-vs-spark-plugs-4,https://tdlbasketball.com/event/spaghetti-ramen-vs-spark-plugs-4/,1,Spaghetti Ramen,89,31,28,9,3,33,75,0.44,12,40,0.3,11,13,0.846,8,9
d3_tuesdays,D3 Tuesdays,d3_tuesdays:spaghetti-ramen-vs-spark-plugs-4,https://tdlbasketball.com/event/spaghetti-ramen-vs-spark-plugs-4/,2,Spark Plugs,94,42,22,4,4,35,77,0.455,13,36,0.361,11,11,1.0,12,12
premier_wednesdays,Premier,premier_wednesdays:overtime-vs-five-borough-boys,https://tdlbasketball.com/event/overtime-vs-five-borough-boys/,1,Overtime,91,47,24,6,6,37,65,0.569,8,18,0.444,9,16,0.562,13,10
premier_wednesdays,Premier,premier_wednesdays:overtime-vs-five-borough-boys,https://tdlbasketball.com/event/overtime-vs-five-borough-boys/,2,Five Borough Boys,61,24,17,10,3,23,67,0.343,7,27,0.259,8,10,0.8,9,14
premier_wednesdays,Premier,premier_wednesdays:ratpack-vs-the-deep-end,https://tdlbasketball.com/event/ratpack-vs-the-deep-end/,1,Ratpack,88,40,25,5,2,31,70,0.443,18,48,0.375,8,12,0.667,12,15
premier_wednesdays,Premier,premier_wednesdays:ratpack-vs-the-deep-end,https://tdlbasketball.com/event/ratpack-vs-the-deep-end/,2,The Deep End,82,50,13,7,3,30,81,0.37,8,31,0.258,14,20,0.7,6,14
premier_wednesdays,Premier,premier_wednesdays:swish-house-vs-the-triads,https://tdlbasketball.com/event/swish-house-vs-the-triads/,1,Swish House,83,48,21,8,6,31,84,0.369,11,38,0.289,10,16,0.625,6,11
premier_wednesdays,Premier,premier_wednesdays:swish-house-vs-the-triads,https://tdlbasketball.com/event/swish-house-vs-the-triads/,2,The Triads,74,34,17,5,4,28,64,0.438,13,33,0.394,5,10,0.5,11,13
d2_thursdays,D2 Thursdays,d2_thursdays:chess-not-checkers-vs-honey-badgers-4,https://tdlbasketball.com/event/chess-not-checkers-vs-honey-badgers-4/,1,Chess Not Checkers,91,41,18,9,5,37,75,0.493,11,28,0.393,6,13,0.462,5,9
d2_thursdays,D2 Thursdays,d2_thursdays:chess-not-checkers-vs-honey-badgers-4,https://tdlbasketball.com/event/chess-not-checkers-vs-honey-badgers-4/,2,Honey Badgers,66,34,15,4,7,25,70,0.357,11,35,0.314,5,6,0.833,10,8
d2_thursdays,D2 Thursdays,d2_thursdays:ny-rockits-vs-hoya-redemption-3,https://tdlbasketball.com/event/ny-rockits-vs-hoya-redemption-3/,1,NY Rockits,100,51,29,10,4,42,83,0.506,12,25,0.48,4,10,0.4,6,7
d2_thursdays,D2 Thursdays,d2_thursdays:ny-rockits-vs-hoya-redemption-3,https://tdlbasketball.com/event/ny-rockits-vs-hoya-redemption-3/,2,Hoya Redemption,73,31,16,3,7,26,73,0.356,14,44,0.318,7,9,0.778,12,6
d2_thursdays,D2 Thursdays,d2_thursdays:shiesty-squad-vs-dream-2,https://tdlbasketball.com/event/shiesty-squad-vs-dream-2/,1,Shiesty Squad,100,44,25,3,4,35,69,0.507,18,43,0.419,12,13,0.923,10,6
d2_thursdays,D2 Thursdays,d2_thursdays:shiesty-squad-vs-dream-2,https://tdlbasketball.com/event/shiesty-squad-vs-dream-2/,2,Dream,88,51,23,14,2,37,84,0.44,8,27,0.296,6,9,0.667,7,9
d2_thursdays,D2 Thursdays,d2_thursdays:snb-vs-new-gotham,https://tdlbasketball.com/event/snb-vs-new-gotham/,1,SNB,83,35,24,8,5,27,59,0.458,17,33,0.515,12,19,0.632,14,9
d2_thursdays,D2 Thursdays,d2_thursdays:snb-vs-new-gotham,https://tdlbasketball.com/event/snb-vs-new-gotham/,2,New Gotham,81,33,27,10,6,33,68,0.485,8,31,0.258,7,9,0.778,12,13
d2_sundays,D2 Sundays,d2_sundays:arc-angels-vs-hoop-prophets,https://tdlbasketball.com/event/arc-angels-vs-hoop-prophets/,1,Arc Angels,84,41,18,12,1,30,65,0.462,7,20,0.35,17,24,0.708,22,14
d2_sundays,D2 Sundays,d2_sundays:arc-angels-vs-hoop-prophets,https://tdlbasketball.com/event/arc-angels-vs-hoop-prophets/,2,Hoop Prophets,78,34,21,14,4,31,74,0.419,6,29,0.207,10,22,0.455,13,16
d2_sundays,D2 Sundays,d2_sundays:injustice-league-vs-rush-hour,https://tdlbasketball.com/event/injustice-league-vs-rush-hour/,1,Injustice League,62,46,16,7,5,23,72,0.319,3,22,0.136,13,27,0.481,4,11
d2_sundays,D2 Sundays,d2_sundays:injustice-league-vs-rush-hour,https://tdlbasketball.com/event/injustice-league-vs-rush-hour/,2,Rush Hour,64,50,9,3,8,24,77,0.312,5,29,0.172,11,16,0.688,9,13
d3_sundays,D3 Sundays,d3_sundays:big-bullies-vs-team-sky,https://tdlbasketball.com/event/big-bullies-vs-team-sky/,1,Big Bullies,64,36,14,9,3,26,85,0.306,8,32,0.25,4,5,0.8,10,9
d3_sundays,D3 Sundays,d3_sundays:big-bullies-vs-team-sky,https://tdlbasketball.com/event/big-bullies-vs-team-sky/,2,Team Sky,83,50,25,8,7,37,72,0.514,6,23,0.261,3,13,0.231,16,4
d3_sundays,D3 Sundays,d3_sundays:cone-drill-2-0-vs-part-time-goats-2,https://tdlbasketball.com/event/cone-drill-2-0-vs-part-time-goats-2/,1,Cone Drill 2.0,80,42,23,14,4,27,66,0.409,10,35,0.286,16,18,0.889,17,6
d3_sundays,D3 Sundays,d3_sundays:cone-drill-2-0-vs-part-time-goats-2,https://tdlbasketball.com/event/cone-drill-2-0-vs-part-time-goats-2/,2,Part Time Goats,65,43,22,14,2,27,81,0.333,9,31,0.29,2,3,0.667,17,12
d3_sundays,D3 Sundays,d3_sundays:ice-in-my-veins-vs-jamies-jammers,https://tdlbasketball.com/event/ice-in-my-veins-vs-jamies-jammers/,1,Ice In My Veins,56,31,19,10,5,22,70,0.314,8,24,0.333,4,5,0.8,11,13
d3_sundays,D3 Sundays,d3_sundays:ice-in-my-veins-vs-jamies-jammers,https://tdlbasketball.com/event/ice-in-my-veins-vs-jamies-jammers/,2,Jamie's Jammers,64,56,15,10,4,26,75,0.347,3,26,0.115,9,19,0.474,15,5
d3_sundays,D3 Sundays,d3_sundays:sunday-sauce-vs-ball-is-life-3,https://tdlbasketball.com/event/sunday-sauce-vs-ball-is-life-3/,1,Sunday Sauce,65,48,8,7,5,24,72,0.333,6,24,0.25,11,20,0.55,8,7
d3_sundays,D3 Sundays,d3_sundays:sunday-sauce-vs-ball-is-life-3,https://tdlbasketball.com/event/sunday-sauce-vs-ball-is-life-3/,2,Ball Is Life,60,41,20,5,2,22,72,0.306,8,36,0.222,8,12,0.667,14,14
d3_sundays,D3 Sundays,d3_sundays:the-big-ragus-vs-brick-squad,https://tdlbasketball.com/event/the-big-ragus-vs-brick-squad/,1,The Big Ragus,101,40,30,12,4,42,78,0.538,15,38,0.395,2,6,0.333,11,10
d3_sundays,D3 Sundays,d3_sundays:the-big-ragus-vs-brick-squad,https://tdlbasketball.com/event/the-big-ragus-vs-brick-squad/,2,Brick Squad,72,33,18,6,2,27,66,0.409,13,40,0.325,5,9,0.556,17,6
d3_tuesdays,D3 Tuesdays,d3_tuesdays:8-ggininder-vs-9-smash-n-bounce,https://tdlbasketball.com/event/8-ggininder-vs-9-smash-n-bounce/,1,GGininder,82,46,29,11,4,33,70,0.471,9,28,0.321,7,8,0.875,13,8
d3_tuesdays,D3 Tuesdays,d3_tuesdays:8-ggininder-vs-9-smash-n-bounce,https://tdlbasketball.com/event/8-ggininder-vs-9-smash-n-bounce/,2,Smash N Bounce,64,29,19,10,4,22,64,0.344,11,36,0.306,9,10,0.9,13,7
premier_wednesdays,Premier,premier_wednesdays:8-hoop-fuel-nutrition-vs-9-the-triads,https://tdlbasketball.com/event/8-hoop-fuel-nutrition-vs-9-the-triads/,1,Hoop Fuel Nutrition,94,41,22,6,1,38,74,0.514,7,22,0.318,11,16,0.688,7,7
premier_wednesdays,Premier,premier_wednesdays:8-hoop-fuel-nutrition-vs-9-the-triads,https://tdlbasketball.com/event/8-hoop-fuel-nutrition-vs-9-the-triads/,2,The Triads,91,37,21,7,1,34,77,0.442,18,46,0.391,5,8,0.625,8,9
d2_thursdays,D2 Thursdays,d2_thursdays:8-honey-badgers-vs-9-dream-2,https://tdlbasketball.com/event/8-honey-badgers-vs-9-dream-2/,1,Dream,100,47,30,11,4,42,86,0.488,13,33,0.394,3,6,0.5,7,9
d2_thursdays,D2 Thursdays,d2_thursdays:8-honey-badgers-vs-9-dream-2,https://tdlbasketball.com/event/8-honey-badgers-vs-9-dream-2/,2,Honey Badgers,74,48,21,3,8,30,79,0.38,8,27,0.296,6,10,0.6,13,7
d2_sundays,D2 Sundays,d2_sundays:infinite-potential-vs-injustice-league,https://tdlbasketball.com/event/infinite-potential-vs-injustice-league/,1,Infinite Potential,69,32,16,8,3,30,70,0.429,8,25,0.32,1,8,0.125,6,15
d2_sundays,D2 Sundays,d2_sundays:infinite-potential-vs-injustice-league,https://tdlbasketball.com/event/infinite-potential-vs-injustice-league/,2,Injustice League,76,50,16,4,2,26,62,0.419,8,24,0.333,16,28,0.571,11,6
d2_sundays,D2 Sundays,d2_sundays:layups-only-vs-big-bullies,https://tdlbasketball.com/event/layups-only-vs-big-bullies/,1,Layups Only,54,42,16,5,1,21,65,0.323,9,31,0.29,3,5,0.6,18,12
d2_sundays,D2 Sundays,d2_sundays:layups-only-vs-big-bullies,https://tdlbasketball.com/event/layups-only-vs-big-bullies/,2,Big Bullies,66,44,13,10,11,26,70,0.371,6,29,0.207,8,10,0.8,8,8
d2_sundays,D2 Sundays,d2_sundays:rush-hour-vs-bucketboys,https://tdlbasketball.com/event/rush-hour-vs-bucketboys/,1,Rush Hour,74,35,20,9,6,28,67,0.418,4,21,0.19,14,22,0.636,9,10
d2_sundays,D2 Sundays,d2_sundays:rush-hour-vs-bucketboys,https://tdlbasketball.com/event/rush-hour-vs-bucketboys/,2,BucketBoys,68,44,22,8,3,25,69,0.362,8,28,0.286,10,13,0.769,10,14
d2_sundays,D2 Sundays,d2_sundays:yolo-vs-arc-angels-2,https://tdlbasketball.com/event/yolo-vs-arc-angels-2/,1,YOLO,91,44,30,6,8,35,70,0.5,9,24,0.375,12,20,0.6,14,5
d2_sundays,D2 Sundays,d2_sundays:yolo-vs-arc-angels-2,https://tdlbasketball.com/event/yolo-vs-arc-angels-2/,2,Arc Angels,90,35,30,14,4,39,84,0.464,10,28,0.357,2,7,0.286,8,17
d3_sundays,D3 Sundays,d3_sundays:ball-is-life-vs-big-song-lil-wong-3,https://tdlbasketball.com/event/ball-is-life-vs-big-song-lil-wong-3/,1,Ball Is Life,70,36,18,7,2,29,62,0.468,7,24,0.292,5,11,0.455,13,13
d3_sundays,D3 Sundays,d3_sundays:ball-is-life-vs-big-song-lil-wong-3,https://tdlbasketball.com/event/ball-is-life-vs-big-song-lil-wong-3/,2,Big Song Lil Wong,67,25,19,5,4,25,57,0.439,8,27,0.296,9,16,0.562,10,10
d3_sundays,D3 Sundays,d3_sundays:brick-squad-vs-cone-drill-2-0,https://tdlbasketball.com/event/brick-squad-vs-cone-drill-2-0/,1,Brick Squad,63,35,18,10,1,25,67,0.373,11,36,0.306,2,4,0.5,15,10
d3_sundays,D3 Sundays,d3_sundays:brick-squad-vs-cone-drill-2-0,https://tdlbasketball.com/event/brick-squad-vs-cone-drill-2-0/,2,Cone Drill 2.0,83,42,23,13,1,32,69,0.464,10,31,0.323,9,14,0.643,14,5
d3_sundays,D3 Sundays,d3_sundays:part-time-goats-vs-supreme-team-2,https://tdlbasketball.com/event/part-time-goats-vs-supreme-team-2/,1,Part Time Goats,78,38,27,11,2,31,60,0.517,10,27,0.37,6,9,0.667,18,7
d3_sundays,D3 Sundays,d3_sundays:part-time-goats-vs-supreme-team-2,https://tdlbasketball.com/event/part-time-goats-vs-supreme-team-2/,2,Supreme Team,66,29,23,12,3,27,61,0.443,8,28,0.286,4,7,0.571,15,9
d3_sundays,D3 Sundays,d3_sundays:team-sky-vs-ice-in-my-veins-2,https://tdlbasketball.com/event/team-sky-vs-ice-in-my-veins-2/,1,Team Sky,98,50,34,13,5,40,78,0.513,14,36,0.389,4,8,0.5,9,1
d3_sundays,D3 Sundays,d3_sundays:team-sky-vs-ice-in-my-veins-2,https://tdlbasketball.com/event/team-sky-vs-ice-in-my-veins-2/,2,Ice In My Veins,53,36,15,9,1,23,76,0.303,6,34,0.176,1,1,1.0,14,3
d3_sundays,D3 Sundays,d3_sundays:the-big-ragus-vs-big-bullies,https://tdlbasketball.com/event/the-big-ragus-vs-big-bullies/,1,The Big Ragus,90,39,32,16,0,34,68,0.5,15,36,0.417,7,10,0.7,17,8
d3_sundays,D3 Sundays,d3_sundays:the-big-ragus-vs-big-bullies,https://tdlbasketball.com/event/the-big-ragus-vs-big-bullies/,2,Big Bullies,61,30,14,12,2,25,56,0.446,5,27,0.185,6,13,0.462,21,6
d3_sundays,D3 Sundays,d3_sundays:true-step-pt-vs-sunday-sauce,https://tdlbasketball.com/event/true-step-pt-vs-sunday-sauce/,1,True Step PT,62,42,15,9,2,23,70,0.329,5,31,0.161,11,16,0.688,11,4
d3_sundays,D3 Sundays,d3_sundays:true-step-pt-vs-sunday-sauce,https://tdlbasketball.com/event/true-step-pt-vs-sunday-sauce/,2,Sunday Sauce,87,52,24,11,5,38,84,0.452,9,36,0.25,2,4,0.5,11,9
d3_mondays,D3 Mondays,d3_mondays:ibaka-flaka-flame-vs-smooth-buckets,https://tdlbasketball.com/event/ibaka-flaka-flame-vs-smooth-buckets/,1,Ibaka Flaka Flame,67,53,22,20,2,28,76,0.368,7,28,0.25,4,4,1.0,17,7
d3_mondays,D3 Mondays,d3_mondays:ibaka-flaka-flame-vs-smooth-buckets,https://tdlbasketball.com/event/ibaka-flaka-flame-vs-smooth-buckets/,2,Smooth Buckets,56,32,14,15,6,24,68,0.353,6,32,0.188,2,4,0.5,20,6
d3_mondays,D3 Mondays,d3_mondays:manhattan-elite-vs-pippen-aint-easy-3,https://tdlbasketball.com/event/manhattan-elite-vs-pippen-aint-easy-3/,1,Manhattan Elite,104,37,30,8,6,40,80,0.5,21,42,0.5,3,3,1.0,7,9
d3_mondays,D3 Mondays,d3_mondays:manhattan-elite-vs-pippen-aint-easy-3,https://tdlbasketball.com/event/manhattan-elite-vs-pippen-aint-easy-3/,2,Pippen Ain’t Easy,78,37,25,6,3,34,75,0.453,9,26,0.346,1,2,0.5,15,6
d3_mondays,D3 Mondays,d3_mondays:manhattan-mayo-clinic-vs-nj-rockets-2,https://tdlbasketball.com/event/manhattan-mayo-clinic-vs-nj-rockets-2/,1,Manhattan Mayo Clinic,54,51,16,9,8,21,79,0.266,6,32,0.188,6,8,0.75,9,5
d3_mondays,D3 Mondays,d3_mondays:manhattan-mayo-clinic-vs-nj-rockets-2,https://tdlbasketball.com/event/manhattan-mayo-clinic-vs-nj-rockets-2/,2,NJ Rockets,71,43,20,8,11,26,71,0.366,14,43,0.326,5,5,1.0,9,8
d3_mondays,D3 Mondays,d3_mondays:texas-elite-vs-bkysc,https://tdlbasketball.com/event/texas-elite-vs-bkysc/,1,Texas Elite,77,42,20,10,3,30,77,0.39,8,28,0.286,7,10,0.7,8,12
d3_mondays,D3 Mondays,d3_mondays:texas-elite-vs-bkysc,https://tdlbasketball.com/event/texas-elite-vs-bkysc/,2,BKYSC,67,53,20,5,2,28,79,0.354,6,28,0.214,5,12,0.417,13,9
d3_tuesdays,D3 Tuesdays,d3_tuesdays:1-spark-plugs-vs-8-ggininder,https://tdlbasketball.com/event/1-spark-plugs-vs-8-ggininder/,1,Spark Plugs,99,50,33,12,3,40,74,0.541,13,33,0.394,6,16,0.375,10,2
d3_tuesdays,D3 Tuesdays,d3_tuesdays:1-spark-plugs-vs-8-ggininder,https://tdlbasketball.com/event/1-spark-plugs-vs-8-ggininder/,2,GGininder,60,31,21,10,3,26,74,0.351,8,23,0.348,0,1,0.0,12,10
d3_tuesdays,D3 Tuesdays,d3_tuesdays:2-meat-ball-club-vs-7-spaghetti-ramen,https://tdlbasketball.com/event/2-meat-ball-club-vs-7-spaghetti-ramen/,1,Meat Ball Club,69,42,17,5,1,24,58,0.414,11,28,0.393,10,13,0.769,11,13
d3_tuesdays,D3 Tuesdays,d3_tuesdays:2-meat-ball-club-vs-7-spaghetti-ramen,https://tdlbasketball.com/event/2-meat-ball-club-vs-7-spaghetti-ramen/,2,Spaghetti Ramen,71,33,23,11,2,28,68,0.412,10,27,0.37,5,16,0.312,6,13
d3_tuesdays,D3 Tuesdays,d3_tuesdays:3-scrub-daddies-vs-6-reservoir-dogs,https://tdlbasketball.com/event/3-scrub-daddies-vs-6-reservoir-dogs/,1,Scrub Daddies,83,35,26,11,9,30,53,0.566,15,22,0.682,8,10,0.8,14,8
d3_tuesdays,D3 Tuesdays,d3_tuesdays:3-scrub-daddies-vs-6-reservoir-dogs,https://tdlbasketball.com/event/3-scrub-daddies-vs-6-reservoir-dogs/,2,Reservoir Dogs,59,24,15,12,1,23,61,0.377,6,18,0.333,7,9,0.778,10,5
d3_tuesdays,D3 Tuesdays,d3_tuesdays:4-jp-junior-varsity-vs-5-bicoastal-baddies,https://tdlbasketball.com/event/4-jp-junior-varsity-vs-5-bicoastal-baddies/,1,JP Junior Varsity,70,44,16,4,4,22,65,0.338,13,36,0.361,13,18,0.722,12,13
d3_tuesdays,D3 Tuesdays,d3_tuesdays:4-jp-junior-varsity-vs-5-bicoastal-baddies,https://tdlbasketball.com/event/4-jp-junior-varsity-vs-5-bicoastal-baddies/,2,Bicoastal Baddies,62,38,17,10,1,24,64,0.375,5,24,0.208,9,16,0.562,9,14
premier_wednesdays,Premier,premier_wednesdays:1-swish-house-vs-8-hoop-fuel-nutrition,https://tdlbasketball.com/event/1-swish-house-vs-8-hoop-fuel-nutrition/,1,Swish House,70,37,19,6,3,22,66,0.333,17,44,0.386,9,13,0.692,12,16
premier_wednesdays,Premier,premier_wednesdays:1-swish-house-vs-8-hoop-fuel-nutrition,https://tdlbasketball.com/event/1-swish-house-vs-8-hoop-fuel-nutrition/,2,Hoop Fuel Nutrition,75,42,13,5,5,26,63,0.413,11,30,0.367,12,16,0.75,9,10
premier_wednesdays,Premier,premier_wednesdays:2-overtime-vs-7-the-deep-end,https://tdlbasketball.com/event/2-overtime-vs-7-the-deep-end/,1,Overtime,73,43,19,10,6,29,59,0.492,5,19,0.263,10,21,0.476,11,13
premier_wednesdays,Premier,premier_wednesdays:2-overtime-vs-7-the-deep-end,https://tdlbasketball.com/event/2-overtime-vs-7-the-deep-end/,2,The Deep End,60,38,9,11,13,27,67,0.403,4,17,0.235,2,7,0.286,14,15
premier_wednesdays,Premier,premier_wednesdays:3-ratpack-vs-6-five-borough-boys-2,https://tdlbasketball.com/event/3-ratpack-vs-6-five-borough-boys-2/,1,Ratpack,74,45,20,8,3,28,65,0.431,11,27,0.407,7,11,0.636,10,11
premier_wednesdays,Premier,premier_wednesdays:3-ratpack-vs-6-five-borough-boys-2,https://tdlbasketball.com/event/3-ratpack-vs-6-five-borough-boys-2/,2,Five Borough Boys,56,36,13,9,3,21,66,0.318,6,29,0.207,8,12,0.667,12,9
premier_wednesdays,Premier,premier_wednesdays:4-expensive-league-vs-5-goodrun-app,https://tdlbasketball.com/event/4-expensive-league-vs-5-goodrun-app/,1,Expensive League,81,49,21,11,8,30,81,0.37,7,28,0.25,14,20,0.7,6,8
premier_wednesdays,Premier,premier_wednesdays:4-expensive-league-vs-5-goodrun-app,https://tdlbasketball.com/event/4-expensive-league-vs-5-goodrun-app/,2,@GoodRun.app,68,35,20,5,8,26,72,0.361,11,35,0.314,5,6,0.833,11,10
d2_thursdays,D2 Thursdays,d2_thursdays:1-chess-not-checkers-vs-8-dream,https://tdlbasketball.com/event/1-chess-not-checkers-vs-8-dream/,1,Chess Not Checkers,99,35,23,10,1,36,68,0.529,17,38,0.447,10,12,0.833,9,10
d2_thursdays,D2 Thursdays,d2_thursdays:1-chess-not-checkers-vs-8-dream,https://tdlbasketball.com/event/1-chess-not-checkers-vs-8-dream/,2,Dream,62,33,16,6,1,27,64,0.422,2,22,0.091,6,9,0.667,12,8
d2_thursdays,D2 Thursdays,d2_thursdays:2-ny-rockits-vs-7-hoya-redemption,https://tdlbasketball.com/event/2-ny-rockits-vs-7-hoya-redemption/,1,NY Rockits,77,40,19,6,3,29,61,0.475,6,24,0.25,13,18,0.722,12,18
d2_thursdays,D2 Thursdays,d2_thursdays:2-ny-rockits-vs-7-hoya-redemption,https://tdlbasketball.com/event/2-ny-rockits-vs-7-hoya-redemption/,2,Hoya Redemption,71,41,22,10,4,29,70,0.414,4,19,0.211,9,17,0.529,9,17
d2_thursdays,D2 Thursdays,d2_thursdays:3-new-gotham-vs-6-shiesty-squad,https://tdlbasketball.com/event/3-new-gotham-vs-6-shiesty-squad/,1,New Gotham,56,29,12,11,2,18,67,0.269,7,31,0.226,13,19,0.684,9,18
d2_thursdays,D2 Thursdays,d2_thursdays:3-new-gotham-vs-6-shiesty-squad,https://tdlbasketball.com/event/3-new-gotham-vs-6-shiesty-squad/,2,Shiesty Squad,70,53,15,3,3,23,55,0.418,7,22,0.318,17,22,0.773,15,13
d2_thursdays,D2 Thursdays,d2_thursdays:4-snb-vs-5-mr-beast,https://tdlbasketball.com/event/4-snb-vs-5-mr-beast/,1,SNB,70,37,19,4,4,26,70,0.371,11,31,0.355,7,12,0.583,7,17
d2_thursdays,D2 Thursdays,d2_thursdays:4-snb-vs-5-mr-beast,https://tdlbasketball.com/event/4-snb-vs-5-mr-beast/,2,Mr. Beast,76,43,14,1,4,27,67,0.403,3,17,0.176,19,26,0.731,5,8
d2_sundays,D2 Sundays,d2_sundays:8-infinite-potential-vs-9-bucketboys,https://tdlbasketball.com/event/8-infinite-potential-vs-9-bucketboys/,1,Infinite Potential,81,43,23,8,7,30,63,0.476,8,20,0.4,13,16,0.812,14,15
d2_sundays,D2 Sundays,d2_sundays:8-infinite-potential-vs-9-bucketboys,https://tdlbasketball.com/event/8-infinite-potential-vs-9-bucketboys/,2,BucketBoys,78,33,14,16,6,26,72,0.361,9,32,0.281,17,21,0.81,7,13
d3_sundays,D3 Sundays,d3_sundays:3-the-big-ragus-vs-14-true-step-pt,https://tdlbasketball.com/event/3-the-big-ragus-vs-14-true-step-pt/,1,The Big Ragus,94,50,31,13,8,39,77,0.506,11,36,0.306,5,7,0.714,5,7
d3_sundays,D3 Sundays,d3_sundays:3-the-big-ragus-vs-14-true-step-pt,https://tdlbasketball.com/event/3-the-big-ragus-vs-14-true-step-pt/,2,True Step PT,46,41,10,3,0,16,68,0.235,5,22,0.227,9,12,0.75,15,8
d3_sundays,D3 Sundays,d3_sundays:4-team-sky-vs-13-big-bullies,https://tdlbasketball.com/event/4-team-sky-vs-13-big-bullies/,1,Team Sky,63,45,20,8,1,24,66,0.364,11,36,0.306,4,12,0.333,13,6
d3_sundays,D3 Sundays,d3_sundays:4-team-sky-vs-13-big-bullies,https://tdlbasketball.com/event/4-team-sky-vs-13-big-bullies/,2,Big Bullies,73,33,26,14,7,31,70,0.443,9,30,0.3,2,4,0.5,16,11
d3_sundays,D3 Sundays,d3_sundays:5-seawolves-vs-12-sunday-sauce,https://tdlbasketball.com/event/5-seawolves-vs-12-sunday-sauce/,1,Seawolves,84,46,24,12,2,29,78,0.372,13,37,0.351,13,18,0.722,7,12
d3_sundays,D3 Sundays,d3_sundays:5-seawolves-vs-12-sunday-sauce,https://tdlbasketball.com/event/5-seawolves-vs-12-sunday-sauce/,2,Sunday Sauce,69,37,14,6,4,28,59,0.475,7,26,0.269,6,14,0.429,15,12
d3_sundays,D3 Sundays,d3_sundays:6-part-time-goats-vs-11-ice-in-my-veins,https://tdlbasketball.com/event/6-part-time-goats-vs-11-ice-in-my-veins/,1,Part Time Goats,93,35,31,19,0,37,75,0.493,14,28,0.5,5,11,0.455,9,7
d3_sundays,D3 Sundays,d3_sundays:6-part-time-goats-vs-11-ice-in-my-veins,https://tdlbasketball.com/event/6-part-time-goats-vs-11-ice-in-my-veins/,2,Ice In My Veins,57,36,20,6,2,23,53,0.434,10,19,0.526,1,9,0.111,20,6
d3_sundays,D3 Sundays,d3_sundays:7-jamies-jammers-vs-10-big-song-lil-wong,https://tdlbasketball.com/event/7-jamies-jammers-vs-10-big-song-lil-wong/,1,Jamie's Jammers,73,40,14,9,6,26,62,0.419,12,35,0.343,9,14,0.643,7,12
d3_sundays,D3 Sundays,d3_sundays:7-jamies-jammers-vs-10-big-song-lil-wong,https://tdlbasketball.com/event/7-jamies-jammers-vs-10-big-song-lil-wong/,2,Big Song Lil Wong,66,25,15,7,1,25,67,0.373,10,35,0.286,6,10,0.6,11,13
d3_sundays,D3 Sundays,d3_sundays:8-ball-is-life-vs-9-brick-squad,https://tdlbasketball.com/event/8-ball-is-life-vs-9-brick-squad/,1,Ball Is Life,70,37,17,14,2,28,65,0.431,9,30,0.3,5,21,0.238,10,11
d3_sundays,D3 Sundays,d3_sundays:8-ball-is-life-vs-9-brick-squad,https://tdlbasketball.com/event/8-ball-is-life-vs-9-brick-squad/,2,Brick Squad,68,40,17,7,2,24,60,0.4,16,38,0.421,4,7,0.571,20,18
d3_mondays,D3 Mondays,d3_mondays:bkysc-vs-manhattan-elite,https://tdlbasketball.com/event/bkysc-vs-manhattan-elite/,1,BKYSC,68,39,25,4,5,26,71,0.366,11,35,0.314,5,7,0.714,12,15
d3_mondays,D3 Mondays,d3_mondays:bkysc-vs-manhattan-elite,https://tdlbasketball.com/event/bkysc-vs-manhattan-elite/,2,Manhattan Elite,74,40,21,7,3,27,65,0.415,5,23,0.217,15,20,0.75,4,8
d3_mondays,D3 Mondays,d3_mondays:nj-rockets-vs-brickstone-associates-2,https://tdlbasketball.com/event/nj-rockets-vs-brickstone-associates-2/,1,NJ Rockets,62,42,15,4,6,22,63,0.349,12,34,0.353,6,6,1.0,14,13
d3_mondays,D3 Mondays,d3_mondays:nj-rockets-vs-brickstone-associates-2,https://tdlbasketball.com/event/nj-rockets-vs-brickstone-associates-2/,2,Brickstone Associates,76,43,21,9,7,29,71,0.408,9,27,0.333,9,14,0.643,6,8
d3_mondays,D3 Mondays,d3_mondays:pippen-aint-easy-vs-ibaka-flaka-flame-3,https://tdlbasketball.com/event/pippen-aint-easy-vs-ibaka-flaka-flame-3/,1,Pippen Ain’t Easy,98,35,21,5,1,34,63,0.54,15,30,0.5,15,23,0.652,5,7
d3_mondays,D3 Mondays,d3_mondays:pippen-aint-easy-vs-ibaka-flaka-flame-3,https://tdlbasketball.com/event/pippen-aint-easy-vs-ibaka-flaka-flame-3/,2,Ibaka Flaka Flame,85,43,14,7,3,34,82,0.415,13,34,0.382,4,4,1.0,6,15
d3_tuesdays,D3 Tuesdays,d3_tuesdays:1-spark-plugs-vs-4-jp-junior-varsity-2,https://tdlbasketball.com/event/1-spark-plugs-vs-4-jp-junior-varsity-2/,1,Spark Plugs,82,60,19,10,6,33,91,0.363,8,27,0.296,8,12,0.667,8,3
d3_tuesdays,D3 Tuesdays,d3_tuesdays:1-spark-plugs-vs-4-jp-junior-varsity-2,https://tdlbasketball.com/event/1-spark-plugs-vs-4-jp-junior-varsity-2/,2,JP Junior Varsity,65,35,17,6,4,26,69,0.377,13,41,0.317,0,0,0.0,15,8
d3_tuesdays,D3 Tuesdays,d3_tuesdays:3-scrub-daddies-vs-7-spaghetti-ramen,https://tdlbasketball.com/event/3-scrub-daddies-vs-7-spaghetti-ramen/,1,Scrub Daddies,56,29,14,6,3,19,51,0.373,8,24,0.333,10,21,0.476,9,22
d3_tuesdays,D3 Tuesdays,d3_tuesdays:3-scrub-daddies-vs-7-spaghetti-ramen,https://tdlbasketball.com/event/3-scrub-daddies-vs-7-spaghetti-ramen/,2,Spaghetti Ramen,62,32,15,6,2,19,47,0.404,4,22,0.182,20,27,0.741,11,15
d3_mondays,D3 Mondays,d3_mondays:8-bkysc-vs-9-manhattan-mayo-clinic,https://tdlbasketball.com/event/8-bkysc-vs-9-manhattan-mayo-clinic/,1,BKYSC,75,44,20,4,5,28,68,0.412,13,33,0.394,6,8,0.75,8,7
d3_mondays,D3 Mondays,d3_mondays:8-bkysc-vs-9-manhattan-mayo-clinic,https://tdlbasketball.com/event/8-bkysc-vs-9-manhattan-mayo-clinic/,2,Manhattan Mayo Clinic,55,38,14,6,4,21,66,0.318,8,27,0.296,5,11,0.455,8,6
premier_wednesdays,Premier,premier_wednesdays:2-overtime-vs-3-ratpack,https://tdlbasketball.com/event/2-overtime-vs-3-ratpack/,1,Overtime,79,27,20,6,2,28,61,0.459,13,27,0.481,10,12,0.833,5,13
premier_wednesdays,Premier,premier_wednesdays:2-overtime-vs-3-ratpack,https://tdlbasketball.com/event/2-overtime-vs-3-ratpack/,2,Ratpack,77,37,14,4,5,26,63,0.413,10,24,0.417,15,18,0.833,5,13
premier_wednesdays,Premier,premier_wednesdays:4-expensive-league-vs-8-hoop-fuel-nutrition,https://tdlbasketball.com/event/4-expensive-league-vs-8-hoop-fuel-nutrition/,1,Expensive League,69,38,12,9,4,22,57,0.386,8,25,0.32,16,22,0.727,12,15
premier_wednesdays,Premier,premier_wednesdays:4-expensive-league-vs-8-hoop-fuel-nutrition,https://tdlbasketball.com/event/4-expensive-league-vs-8-hoop-fuel-nutrition/,2,Hoop Fuel Nutrition,57,27,13,7,1,22,57,0.386,6,26,0.231,5,13,0.385,16,17
d2_thursdays,D2 Thursdays,d2_thursdays:1-chess-not-checkers-vs-5-mr-beast,https://tdlbasketball.com/event/1-chess-not-checkers-vs-5-mr-beast/,1,Chess Not Checkers,80,30,20,9,1,27,50,0.54,10,25,0.4,16,20,0.8,6,14
d2_thursdays,D2 Thursdays,d2_thursdays:1-chess-not-checkers-vs-5-mr-beast,https://tdlbasketball.com/event/1-chess-not-checkers-vs-5-mr-beast/,2,Mr. Beast,53,24,10,3,1,16,45,0.356,6,25,0.24,15,21,0.714,10,12
d2_thursdays,D2 Thursdays,d2_thursdays:2-ny-rockits-vs-6-shiesty-squad,https://tdlbasketball.com/event/2-ny-rockits-vs-6-shiesty-squad/,1,NY Rockits,93,46,27,8,4,34,77,0.442,13,33,0.394,12,16,0.75,4,8
d2_thursdays,D2 Thursdays,d2_thursdays:2-ny-rockits-vs-6-shiesty-squad,https://tdlbasketball.com/event/2-ny-rockits-vs-6-shiesty-squad/,2,Shiesty Squad,61,38,19,2,7,24,67,0.358,7,25,0.28,6,6,1.0,9,11
